0,000JoXU51dj56Z,王俊凯,https://y.gtimg.cn/music/photo_new/T001R300x300M000000JoXU51dj56Z.jpg?max_age=2592000,我的秘密＋突然好想你 (Live),421580,2018-09-26,https://y.gtimg.cn/music/photo_new/T001R300x300M000004E2BBy3X9xne.jpg?max_age=2592000,000JoXU51dj56Z
1,002LCzuG1Xdsry,王俊凯,https://y.gtimg.cn/music/photo_new/T001R300x300M000002LCzuG1Xdsry.jpg?max_age=2592000,心引力,2910880,2019-11-02,https://y.gtimg.cn/music/photo_new/T001R300x300M000004E2BBy3X9xne.jpg?max_age=2592000,002LCzuG1Xdsry
2,000AHs2v4305N4,王俊凯,https://y.gtimg.cn/music/photo_new/T001R300x300M000000AHs2v4305N4.jpg?max_age=2592000,想见你想见你想见你,1920413,2020-06-21,https://y.gtimg.cn/music/photo_new/T001R300x300M000004E2BBy3X9xne.jpg?max_age=2592000,000AHs2v4305N4
3,0049n6hg3wme2w,王俊凯,https://y.gtimg.cn/music/photo_new/T001R300x300M0000049n6hg3wme2w.jpg?max_age=2592000,树读,1866427,2016-08-12,https://y.gtimg.cn/music/photo_new/T001R300x300M000004E2BBy3X9xne.jpg?max_age=2592000,0049n6hg3wme2w
4,001NB4KC2emXX8,王俊凯,https://y.gtimg.cn/music/photo_new/T001R300x300M000001NB4KC2emXX8.jpg?max_age=2592000,词不达意 (Live),649900,2019-12-12,https://y.gtimg.cn/music/photo_new/T001R300x300M000004E2BBy3X9xne.jpg?max_age=2592000,001NB4KC2emXX8
5,001b27bh1na0hB,王俊凯,https://y.gtimg.cn/music/photo_new/T001R300x300M000001b27bh1na0hB.jpg?max_age=2592000,生长,1129120,2019-07-22,https://y.gtimg.cn/music/photo_new/T001R300x300M000004E2BBy3X9xne.jpg?max_age=2592000,001b27bh1na0hB
6,003z58PK2oEfhI,王俊凯,https://y.gtimg.cn/music/photo_new/T001R300x300M000003z58PK2oEfhI.jpg?max_age=2592000,摩天轮的思念,1477144,2016-07-19,https://y.gtimg.cn/music/photo_new/T001R300x300M000004E2BBy3X9xne.jpg?max_age=2592000,003z58PK2oEfhI
7,000uECKU1Nq7r2,王俊凯,https://y.gtimg.cn/music/photo_new/T001R300x300M000000uECKU1Nq7r2.jpg?max_age=2592000,Beautiful,2134150,2020-08-10,https://y.gtimg.cn/music/photo_new/T001R300x300M000004E2BBy3X9xne.jpg?max_age=2592000,000uECKU1Nq7r2
8,003SeXGZ1JUtaX,王俊凯,https://y.gtimg.cn/music/photo_new/T001R300x300M000003SeXGZ1JUtaX.jpg?max_age=2592000,我的,1297515,2018-09-19,https://y.gtimg.cn/music/photo_new/T001R300x300M000004E2BBy3X9xne.jpg?max_age=2592000,003SeXGZ1JUtaX
9,001vQiCm1KxMIE,王俊凯,https://y.gtimg.cn/music/photo_new/T001R300x300M000001vQiCm1KxMIE.jpg?max_age=2592000,元气发光,547154,2021-03-09,https://y.gtimg.cn/music/photo_new/T001R300x300M000004E2BBy3X9xne.jpg?max_age=2592000,001vQiCm1KxMIE
10,002HPCvt1r0LkN,王俊凯,https://y.gtimg.cn/music/photo_new/T001R300x300M000002HPCvt1r0LkN.jpg?max_age=2592000,我在诛仙逍遥涧,937022,2018-03-28,https://y.gtimg.cn/music/photo_new/T001R300x300M000004E2BBy3X9xne.jpg?max_age=2592000,002HPCvt1r0LkN
11,003TCRtD40ZW9I,王俊凯,https://y.gtimg.cn/music/photo_new/T001R300x300M000003TCRtD40ZW9I.jpg?max_age=2592000,不要说话 (Live),306763,2015-04-03,https://y.gtimg.cn/music/photo_new/T001R300x300M000004E2BBy3X9xne.jpg?max_age=2592000,003TCRtD40ZW9I
12,001WD3KZ16c02z,王俊凯,https://y.gtimg.cn/music/photo_new/T001R300x300M000001WD3KZ16c02z.jpg?max_age=2592000,醒着,807901,2018-09-21,https://y.gtimg.cn/music/photo_new/T001R300x300M000004E2BBy3X9xne.jpg?max_age=2592000,001WD3KZ16c02z
13,0011omWA2az9Li,王俊凯,https://y.gtimg.cn/music/photo_new/T001R300x300M0000011omWA2az9Li.jpg?max_age=2592000,给未来的自己 (Live),379382,2017-09-25,https://y.gtimg.cn/music/photo_new/T001R300x300M000004E2BBy3X9xne.jpg?max_age=2592000,0011omWA2az9Li
14,000SKjy129qdJU,王俊凯,https://y.gtimg.cn/music/photo_new/T001R300x300M000000SKjy129qdJU.jpg?max_age=2592000,流星,1206663,2019-10-31,https://y.gtimg.cn/music/photo_new/T001R300x300M000004E2BBy3X9xne.jpg?max_age=2592000,000SKjy129qdJU
15,004IkTXr1UCUmK,王俊凯,https://y.gtimg.cn/music/photo_new/T001R300x300M000004IkTXr1UCUmK.jpg?max_age=2592000,骄傲的少年,1298467,2017-03-31,https://y.gtimg.cn/music/photo_new/T001R300x300M000004E2BBy3X9xne.jpg?max_age=2592000,004IkTXr1UCUmK
16,004UdjVH2eavBG,王俊凯,https://y.gtimg.cn/music/photo_new/T001R300x300M000004UdjVH2eavBG.jpg?max_age=2592000,花好月圆夜 (Live),158749,2021-09-21,https://y.gtimg.cn/music/photo_new/T001R300x300M000004E2BBy3X9xne.jpg?max_age=2592000,004UdjVH2eavBG
17,003t7Tq22uLR0L,王源,https://y.gtimg.cn/music/photo_new/T001R300x300M000003t7Tq22uLR0L.jpg?max_age=2592000,穿过寒冬拥抱你,439241,2021-12-07,https://y.gtimg.cn/music/photo_new/T001R300x300M000000IBYF50SRnXP.jpg?max_age=2592000,003t7Tq22uLR0L
18,001AuPNy1DkSZB,王源,https://y.gtimg.cn/music/photo_new/T001R300x300M000001AuPNy1DkSZB.jpg?max_age=2592000,你的名字是世界瞒着我最大的事情,1204305,2021-06-16,https://y.gtimg.cn/music/photo_new/T001R300x300M000000IBYF50SRnXP.jpg?max_age=2592000,001AuPNy1DkSZB
19,0005rvWd0W0weX,王源,https://y.gtimg.cn/music/photo_new/T001R300x300M0000005rvWd0W0weX.jpg?max_age=2592000,流星也为你落下来了,2114427,2021-06-16,https://y.gtimg.cn/music/photo_new/T001R300x300M000000IBYF50SRnXP.jpg?max_age=2592000,0005rvWd0W0weX
20,002O9vvQ3DkCrj,王源,https://y.gtimg.cn/music/photo_new/T001R300x300M000002O9vvQ3DkCrj.jpg?max_age=2592000,只要有想见的人，就不是孤身一人,1695618,2019-02-23,https://y.gtimg.cn/music/photo_new/T001R300x300M000000IBYF50SRnXP.jpg?max_age=2592000,002O9vvQ3DkCrj
21,003QMt9F3WhmXS,王源,https://y.gtimg.cn/music/photo_new/T001R300x300M000003QMt9F3WhmXS.jpg?max_age=2592000,骄傲,1735127,2017-11-20,https://y.gtimg.cn/music/photo_new/T001R300x300M000000IBYF50SRnXP.jpg?max_age=2592000,003QMt9F3WhmXS
22,0047sQ810FiU2N,王源,https://y.gtimg.cn/music/photo_new/T001R300x300M0000047sQ810FiU2N.jpg?max_age=2592000,十七,1528365,2017-10-25,https://y.gtimg.cn/music/photo_new/T001R300x300M000000IBYF50SRnXP.jpg?max_age=2592000,0047sQ810FiU2N
23,002sf8XV49ur9b,王源,https://y.gtimg.cn/music/photo_new/T001R300x300M000002sf8XV49ur9b.jpg?max_age=2592000,答案,1234833,2021-01-26,https://y.gtimg.cn/music/photo_new/T001R300x300M000000IBYF50SRnXP.jpg?max_age=2592000,002sf8XV49ur9b
24,002OwNyI1v6Ukx,王源,https://y.gtimg.cn/music/photo_new/T001R300x300M000002OwNyI1v6Ukx.jpg?max_age=2592000,世界上没有真正的感同身受 (Live),654821,2019-08-22,https://y.gtimg.cn/music/photo_new/T001R300x300M000000IBYF50SRnXP.jpg?max_age=2592000,002OwNyI1v6Ukx
25,003sOjzx4STCKK,王源,https://y.gtimg.cn/music/photo_new/T001R300x300M000003sOjzx4STCKK.jpg?max_age=2592000,我怀念的 (Live),889385,2019-09-07,https://y.gtimg.cn/music/photo_new/T001R300x300M000000IBYF50SRnXP.jpg?max_age=2592000,003sOjzx4STCKK
26,0015YToP0qqH31,王源,https://y.gtimg.cn/music/photo_new/T001R300x300M0000015YToP0qqH31.jpg?max_age=2592000,疯人公园,1013982,2021-06-16,https://y.gtimg.cn/music/photo_new/T001R300x300M000000IBYF50SRnXP.jpg?max_age=2592000,0015YToP0qqH31
27,0008BL144TYYzK,王源,https://y.gtimg.cn/music/photo_new/T001R300x300M0000008BL144TYYzK.jpg?max_age=2592000,姑娘 (Live),680959,2019-09-07,https://y.gtimg.cn/music/photo_new/T001R300x300M000000IBYF50SRnXP.jpg?max_age=2592000,0008BL144TYYzK
28,001vQLpv3Jz89v,王源,https://y.gtimg.cn/music/photo_new/T001R300x300M000001vQLpv3Jz89v.jpg?max_age=2592000,一些悲伤又美好的事,1082830,2021-06-16,https://y.gtimg.cn/music/photo_new/T001R300x300M000000IBYF50SRnXP.jpg?max_age=2592000,001vQLpv3Jz89v
29,001kHYtF4RYbJx,王源,https://y.gtimg.cn/music/photo_new/T001R300x300M000001kHYtF4RYbJx.jpg?max_age=2592000,洄 (By Now),514058,2021-06-16,https://y.gtimg.cn/music/photo_new/T001R300x300M000000IBYF50SRnXP.jpg?max_age=2592000,001kHYtF4RYbJx
30,001sGZVZ0TMyAa,王源,https://y.gtimg.cn/music/photo_new/T001R300x300M000001sGZVZ0TMyAa.jpg?max_age=2592000,那女孩对我说 (Live),1260871,2019-09-07,https://y.gtimg.cn/music/photo_new/T001R300x300M000000IBYF50SRnXP.jpg?max_age=2592000,001sGZVZ0TMyAa
31,004fBjon1ZmjRC,王源,https://y.gtimg.cn/music/photo_new/T001R300x300M000004fBjon1ZmjRC.jpg?max_age=2592000,HOME (归),711480,2021-06-16,https://y.gtimg.cn/music/photo_new/T001R300x300M000000IBYF50SRnXP.jpg?max_age=2592000,004fBjon1ZmjRC
32,001GWGbx449ICZ,王源,https://y.gtimg.cn/music/photo_new/T001R300x300M000001GWGbx449ICZ.jpg?max_age=2592000,吆不到台 (Live),488307,2019-09-07,https://y.gtimg.cn/music/photo_new/T001R300x300M000000IBYF50SRnXP.jpg?max_age=2592000,001GWGbx449ICZ
33,0002vIf924VdaM,王源,https://y.gtimg.cn/music/photo_new/T001R300x300M0000002vIf924VdaM.jpg?max_age=2592000,希望你听懂的歌能越少越好,685244,2021-06-16,https://y.gtimg.cn/music/photo_new/T001R300x300M000000IBYF50SRnXP.jpg?max_age=2592000,0002vIf924VdaM
34,0003nlPt0TsniX,王源,https://y.gtimg.cn/music/photo_new/T001R300x300M0000003nlPt0TsniX.jpg?max_age=2592000,骄傲 (Live),473318,2020-11-19,https://y.gtimg.cn/music/photo_new/T001R300x300M000000IBYF50SRnXP.jpg?max_age=2592000,0003nlPt0TsniX
35,004BbAqP4TeE5T,王源,https://y.gtimg.cn/music/photo_new/T001R300x300M000004BbAqP4TeE5T.jpg?max_age=2592000,在未来,278918,2021-11-20,https://y.gtimg.cn/music/photo_new/T001R300x300M000000IBYF50SRnXP.jpg?max_age=2592000,004BbAqP4TeE5T
36,003esG9F4c0tjV,王源,https://y.gtimg.cn/music/photo_new/T001R300x300M000003esG9F4c0tjV.jpg?max_age=2592000,花瓣,1529730,2020-07-16,https://y.gtimg.cn/music/photo_new/T001R300x300M000000IBYF50SRnXP.jpg?max_age=2592000,003esG9F4c0tjV
37,003B7uBk0LfzGI,易烊千玺,https://y.gtimg.cn/music/photo_new/T001R300x300M000003B7uBk0LfzGI.jpg?max_age=2592000,大城小爱 (Live),3004627,2020-01-13,https://y.gtimg.cn/music/photo_new/T001R300x300M000001IoTZp19YMDG.jpg?max_age=2592000,003B7uBk0LfzGI
38,002pRKXI3VxUrl,易烊千玺,https://y.gtimg.cn/music/photo_new/T001R300x300M000002pRKXI3VxUrl.jpg?max_age=2592000,四字歌,941041,2021-11-28,https://y.gtimg.cn/music/photo_new/T001R300x300M000001IoTZp19YMDG.jpg?max_age=2592000,002pRKXI3VxUrl
39,002ImLyF0DWmx9,易烊千玺,https://y.gtimg.cn/music/photo_new/T001R300x300M000002ImLyF0DWmx9.jpg?max_age=2592000,一起向未来,424332,2021-09-21,https://y.gtimg.cn/music/photo_new/T001R300x300M000001IoTZp19YMDG.jpg?max_age=2592000,002ImLyF0DWmx9
40,004Fpnhh2f7U12,易烊千玺,https://y.gtimg.cn/music/photo_new/T001R300x300M000004Fpnhh2f7U12.jpg?max_age=2592000,爱情鸟,1237801,2020-11-27,https://y.gtimg.cn/music/photo_new/T001R300x300M000001IoTZp19YMDG.jpg?max_age=2592000,004Fpnhh2f7U12
41,003O1P6B2NQVF0,易烊千玺,https://y.gtimg.cn/music/photo_new/T001R300x300M000003O1P6B2NQVF0.jpg?max_age=2592000,粉雾海,5020147,2020-08-13,https://y.gtimg.cn/music/photo_new/T001R300x300M000001IoTZp19YMDG.jpg?max_age=2592000,003O1P6B2NQVF0
42,001apXAh2mHRub,易烊千玺,https://y.gtimg.cn/music/photo_new/T001R300x300M000001apXAh2mHRub.jpg?max_age=2592000,精彩才刚刚开始,2091971,2018-10-15,https://y.gtimg.cn/music/photo_new/T001R300x300M000001IoTZp19YMDG.jpg?max_age=2592000,001apXAh2mHRub
43,002vqQZD2XF79L,易烊千玺,https://y.gtimg.cn/music/photo_new/T001R300x300M000002vqQZD2XF79L.jpg?max_age=2592000,My Boo,3072842,2020-08-18,https://y.gtimg.cn/music/photo_new/T001R300x300M000001IoTZp19YMDG.jpg?max_age=2592000,002vqQZD2XF79L
44,001JaAKW4IurRk,易烊千玺,https://y.gtimg.cn/music/photo_new/T001R300x300M000001JaAKW4IurRk.jpg?max_age=2592000,离骚,3931082,2017-04-21,https://y.gtimg.cn/music/photo_new/T001R300x300M000001IoTZp19YMDG.jpg?max_age=2592000,001JaAKW4IurRk
45,002dDpdt4GsouU,易烊千玺,https://y.gtimg.cn/music/photo_new/T001R300x300M000002dDpdt4GsouU.jpg?max_age=2592000,Can You Feel My World (Live),712162,2020-01-13,https://y.gtimg.cn/music/photo_new/T001R300x300M000001IoTZp19YMDG.jpg?max_age=2592000,002dDpdt4GsouU
46,00231NP41zL4Jd,易烊千玺,https://y.gtimg.cn/music/photo_new/T001R300x300M00000231NP41zL4Jd.jpg?max_age=2592000,Nothing to Lose,2080558,2017-11-23,https://y.gtimg.cn/music/photo_new/T001R300x300M000001IoTZp19YMDG.jpg?max_age=2592000,00231NP41zL4Jd
47,00481seV3tuzWU,易烊千玺,https://y.gtimg.cn/music/photo_new/T001R300x300M00000481seV3tuzWU.jpg?max_age=2592000,你说,2331293,2017-12-15,https://y.gtimg.cn/music/photo_new/T001R300x300M000001IoTZp19YMDG.jpg?max_age=2592000,00481seV3tuzWU
48,001FfdDc0DE6DJ,易烊千玺,https://y.gtimg.cn/music/photo_new/T001R300x300M000001FfdDc0DE6DJ.jpg?max_age=2592000,宝贝,1558874,2014-12-12,https://y.gtimg.cn/music/photo_new/T001R300x300M000001IoTZp19YMDG.jpg?max_age=2592000,001FfdDc0DE6DJ
49,003CcntB4WKpYv,易烊千玺,https://y.gtimg.cn/music/photo_new/T001R300x300M000003CcntB4WKpYv.jpg?max_age=2592000,Unpredictable,1780152,2017-11-28,https://y.gtimg.cn/music/photo_new/T001R300x300M000001IoTZp19YMDG.jpg?max_age=2592000,003CcntB4WKpYv
50,000luFXk2aW5D8,易烊千玺,https://y.gtimg.cn/music/photo_new/T001R300x300M000000luFXk2aW5D8.jpg?max_age=2592000,找到你是我最伟大的成功 (Live),805709,2020-01-13,https://y.gtimg.cn/music/photo_new/T001R300x300M000001IoTZp19YMDG.jpg?max_age=2592000,000luFXk2aW5D8
51,002qayVx1bMMn2,易烊千玺,https://y.gtimg.cn/music/photo_new/T001R300x300M000002qayVx1bMMn2.jpg?max_age=2592000,念想,1564521,2019-11-01,https://y.gtimg.cn/music/photo_new/T001R300x300M000001IoTZp19YMDG.jpg?max_age=2592000,002qayVx1bMMn2
52,001nKOp321XdBS,易烊千玺,https://y.gtimg.cn/music/photo_new/T001R300x300M000001nKOp321XdBS.jpg?max_age=2592000,陷落美好,1389647,2019-12-20,https://y.gtimg.cn/music/photo_new/T001R300x300M000001IoTZp19YMDG.jpg?max_age=2592000,001nKOp321XdBS
53,000tjExZ0BHy53,易烊千玺,https://y.gtimg.cn/music/photo_new/T001R300x300M000000tjExZ0BHy53.jpg?max_age=2592000,Fall,2332622,2019-12-20,https://y.gtimg.cn/music/photo_new/T001R300x300M000001IoTZp19YMDG.jpg?max_age=2592000,000tjExZ0BHy53
54,0000T5It3lrXeB,易烊千玺,https://y.gtimg.cn/music/photo_new/T001R300x300M0000000T5It3lrXeB.jpg?max_age=2592000,舒适圈,1066219,2018-11-28,https://y.gtimg.cn/music/photo_new/T001R300x300M000001IoTZp19YMDG.jpg?max_age=2592000,0000T5It3lrXeB
55,0040nGSj0q52Jt,易烊千玺,https://y.gtimg.cn/music/photo_new/T001R300x300M0000040nGSj0q52Jt.jpg?max_age=2592000,被驯服的象 (Live),534455,2020-01-13,https://y.gtimg.cn/music/photo_new/T001R300x300M000001IoTZp19YMDG.jpg?max_age=2592000,0040nGSj0q52Jt
56,001V8ECy452bqk,马嘉祺,https://y.gtimg.cn/music/photo_new/T001R300x300M000001V8ECy452bqk.jpg?max_age=2592000,让她降落 (Live),844920,2021-12-18,https://y.gtimg.cn/music/photo_new/T001R300x300M000004aejZR04LPCH.jpg?max_age=2592000,001V8ECy452bqk
57,001Rec0L2Z6NTI,马嘉祺,https://y.gtimg.cn/music/photo_new/T001R300x300M000001Rec0L2Z6NTI.jpg?max_age=2592000,燕尾蝶 (Band Ver.|Live),603025,2021-12-18,https://y.gtimg.cn/music/photo_new/T001R300x300M000004aejZR04LPCH.jpg?max_age=2592000,001Rec0L2Z6NTI
58,004EgAdd4Ck6c0,马嘉祺,https://y.gtimg.cn/music/photo_new/T001R300x300M000004EgAdd4Ck6c0.jpg?max_age=2592000,飘向北方 (Live),3428068,2020-12-08,https://y.gtimg.cn/music/photo_new/T001R300x300M000004aejZR04LPCH.jpg?max_age=2592000,004EgAdd4Ck6c0
59,003dJnKG1dOCDa,马嘉祺,https://y.gtimg.cn/music/photo_new/T001R300x300M000003dJnKG1dOCDa.jpg?max_age=2592000,相爱后动物感伤 (Live),411292,2021-12-18,https://y.gtimg.cn/music/photo_new/T001R300x300M000004aejZR04LPCH.jpg?max_age=2592000,003dJnKG1dOCDa
60,0046Ykk41kO3ha,马嘉祺,https://y.gtimg.cn/music/photo_new/T001R300x300M0000046Ykk41kO3ha.jpg?max_age=2592000,我爱你 (Live),1122316,2020-12-08,https://y.gtimg.cn/music/photo_new/T001R300x300M000004aejZR04LPCH.jpg?max_age=2592000,0046Ykk41kO3ha
61,002V099o3CIVmm,马嘉祺,https://y.gtimg.cn/music/photo_new/T001R300x300M000002V099o3CIVmm.jpg?max_age=2592000,剩下的盛夏 (Live),3028465,2020-10-29,https://y.gtimg.cn/music/photo_new/T001R300x300M000004aejZR04LPCH.jpg?max_age=2592000,002V099o3CIVmm
62,003BPki94B2Cqg,丁程鑫,https://y.gtimg.cn/music/photo_new/T001R300x300M000003BPki94B2Cqg.jpg?max_age=2592000,我在人民广场吃炸鸡 (Live),380155,2021-12-18,https://y.gtimg.cn/music/photo_new/T001R300x300M000002J81Pr09yjag.jpg?max_age=2592000,003BPki94B2Cqg
63,00108NDz2HRlth,丁程鑫,https://y.gtimg.cn/music/photo_new/T001R300x300M00000108NDz2HRlth.jpg?max_age=2592000,燕尾蝶 (Dance Ver.|Live),382313,2021-12-18,https://y.gtimg.cn/music/photo_new/T001R300x300M000002J81Pr09yjag.jpg?max_age=2592000,00108NDz2HRlth
64,0045PQ563SL0rb,丁程鑫,https://y.gtimg.cn/music/photo_new/T001R300x300M0000045PQ563SL0rb.jpg?max_age=2592000,血腥爱情故事 (Live),2462540,2020-10-22,https://y.gtimg.cn/music/photo_new/T001R300x300M000002J81Pr09yjag.jpg?max_age=2592000,0045PQ563SL0rb
65,003LRqnQ487eNL,丁程鑫,https://y.gtimg.cn/music/photo_new/T001R300x300M000003LRqnQ487eNL.jpg?max_age=2592000,Wake up,498736,2019-02-14,https://y.gtimg.cn/music/photo_new/T001R300x300M000002J81Pr09yjag.jpg?max_age=2592000,003LRqnQ487eNL
66,000Sluk541FOCE,宋亚轩,https://y.gtimg.cn/music/photo_new/T001R300x300M000000Sluk541FOCE.jpg?max_age=2592000,给我一个吻 (Live),627802,2021-12-18,https://y.gtimg.cn/music/photo_new/T001R300x300M000003yal7K3fzAGl.jpg?max_age=2592000,000Sluk541FOCE
67,00335nYx3dQHe9,宋亚轩,https://y.gtimg.cn/music/photo_new/T001R300x300M00000335nYx3dQHe9.jpg?max_age=2592000,世界上的另一个我 (Live),2694791,2021-07-10,https://y.gtimg.cn/music/photo_new/T001R300x300M000003yal7K3fzAGl.jpg?max_age=2592000,00335nYx3dQHe9
68,000rypzL1sYviQ,宋亚轩,https://y.gtimg.cn/music/photo_new/T001R300x300M000000rypzL1sYviQ.jpg?max_age=2592000,为你我受冷风吹 (Live),2787234,2021-04-05,https://y.gtimg.cn/music/photo_new/T001R300x300M000003yal7K3fzAGl.jpg?max_age=2592000,000rypzL1sYviQ
69,0033foPS1qzgD6,宋亚轩,https://y.gtimg.cn/music/photo_new/T001R300x300M0000033foPS1qzgD6.jpg?max_age=2592000,黄昏 (Live),2758242,2021-07-10,https://y.gtimg.cn/music/photo_new/T001R300x300M000003yal7K3fzAGl.jpg?max_age=2592000,0033foPS1qzgD6
70,001WrsBn0XwnnY,宋亚轩,https://y.gtimg.cn/music/photo_new/T001R300x300M000001WrsBn0XwnnY.jpg?max_age=2592000,凄美地 (Live),1592388,2020-12-08,https://y.gtimg.cn/music/photo_new/T001R300x300M000003yal7K3fzAGl.jpg?max_age=2592000,001WrsBn0XwnnY
71,003CceyP2szypI,宋亚轩,https://y.gtimg.cn/music/photo_new/T001R300x300M000003CceyP2szypI.jpg?max_age=2592000,宋亚轩《我怀念的》 (节目),64865,2021-08-09,https://y.gtimg.cn/music/photo_new/T001R300x300M00000488iv90nImtx.jpg?max_age=2592000,003CceyP2szypI
72,0007RBmg3pQd1I,宋亚轩,https://y.gtimg.cn/music/photo_new/T001R300x300M0000007RBmg3pQd1I.jpg?max_age=2592000,玫瑰少年 (Live),523370,2021-03-12,https://y.gtimg.cn/music/photo_new/T001R300x300M000003yal7K3fzAGl.jpg?max_age=2592000,0007RBmg3pQd1I
73,004WsSbA2VZJd8,刘耀文,https://y.gtimg.cn/music/photo_new/T001R300x300M000004WsSbA2VZJd8.jpg?max_age=2592000,马 (Live),738696,2021-12-18,https://y.gtimg.cn/music/photo_new/T001R300x300M000000mko8y2eLTEx.jpg?max_age=2592000,004WsSbA2VZJd8
74,002wX7tM3FyWIk,刘耀文,https://y.gtimg.cn/music/photo_new/T001R300x300M000002wX7tM3FyWIk.jpg?max_age=2592000,Got You,3010362,2021-09-23,https://y.gtimg.cn/music/photo_new/T001R300x300M000000mko8y2eLTEx.jpg?max_age=2592000,002wX7tM3FyWIk
75,0001iyEl2Qcrz8,刘耀文,https://y.gtimg.cn/music/photo_new/T001R300x300M0000001iyEl2Qcrz8.jpg?max_age=2592000,巴比伦 (Live),2333891,2021-04-05,https://y.gtimg.cn/music/photo_new/T001R300x300M000000mko8y2eLTEx.jpg?max_age=2592000,0001iyEl2Qcrz8
76,0016tevP0Nz9qf,刘耀文,https://y.gtimg.cn/music/photo_new/T001R300x300M0000016tevP0Nz9qf.jpg?max_age=2592000,甜秘密 + 恶之必要 (Live),1256771,2021-07-10,https://y.gtimg.cn/music/photo_new/T001R300x300M000000mko8y2eLTEx.jpg?max_age=2592000,0016tevP0Nz9qf
77,0006uz6t13915d,刘耀文,https://y.gtimg.cn/music/photo_new/T001R300x300M0000006uz6t13915d.jpg?max_age=2592000,The Dream,1395977,2019-12-22,https://y.gtimg.cn/music/photo_new/T001R300x300M000000mko8y2eLTEx.jpg?max_age=2592000,0006uz6t13915d
78,002K5u2B0av5I8,刘耀文,https://y.gtimg.cn/music/photo_new/T001R300x300M000002K5u2B0av5I8.jpg?max_age=2592000,让一让 (Live),1025879,2020-12-08,https://y.gtimg.cn/music/photo_new/T001R300x300M000000mko8y2eLTEx.jpg?max_age=2592000,002K5u2B0av5I8
79,0037r3l33mnIPW,刘耀文,https://y.gtimg.cn/music/photo_new/T001R300x300M0000037r3l33mnIPW.jpg?max_age=2592000,万里长城 (Live),208013,2019-02-27,https://y.gtimg.cn/music/photo_new/T001R300x300M000000mko8y2eLTEx.jpg?max_age=2592000,0037r3l33mnIPW
80,002gsn4o3dwZQq,刘耀文,https://y.gtimg.cn/music/photo_new/T001R300x300M000002gsn4o3dwZQq.jpg?max_age=2592000,母系社会 (Live),1615789,2021-07-10,https://y.gtimg.cn/music/photo_new/T001R300x300M000000mko8y2eLTEx.jpg?max_age=2592000,002gsn4o3dwZQq
81,0014RdwJ0xKKDR,张真源,https://y.gtimg.cn/music/photo_new/T001R300x300M0000014RdwJ0xKKDR.jpg?max_age=2592000,白媚生 (Live),473361,2021-12-18,https://y.gtimg.cn/music/photo_new/T001R300x300M000000c1x452OEKGL.jpg?max_age=2592000,0014RdwJ0xKKDR
82,001FnGSF4IeV0B,张真源,https://y.gtimg.cn/music/photo_new/T001R300x300M000001FnGSF4IeV0B.jpg?max_age=2592000,心桥,1404380,2020-05-14,https://y.gtimg.cn/music/photo_new/T001R300x300M000000c1x452OEKGL.jpg?max_age=2592000,001FnGSF4IeV0B
83,001DDwgo2N2U4Z,张真源,https://y.gtimg.cn/music/photo_new/T001R300x300M000001DDwgo2N2U4Z.jpg?max_age=2592000,光影,541010,2018-10-22,https://y.gtimg.cn/music/photo_new/T001R300x300M000000c1x452OEKGL.jpg?max_age=2592000,001DDwgo2N2U4Z
84,0001hC2g0eDU25,张真源,https://y.gtimg.cn/music/photo_new/T001R300x300M0000001hC2g0eDU25.jpg?max_age=2592000,光来之前,352911,2020-09-30,https://y.gtimg.cn/music/photo_new/T001R300x300M000000c1x452OEKGL.jpg?max_age=2592000,0001hC2g0eDU25
85,0006TM3u3iJDQy,张真源,https://y.gtimg.cn/music/photo_new/T001R300x300M0000006TM3u3iJDQy.jpg?max_age=2592000,你我,814135,2018-05-10,https://y.gtimg.cn/music/photo_new/T001R300x300M000000c1x452OEKGL.jpg?max_age=2592000,0006TM3u3iJDQy
86,002P8ZPu3d80MD,张真源,https://y.gtimg.cn/music/photo_new/T001R300x300M000002P8ZPu3d80MD.jpg?max_age=2592000,皮囊 (Live),547592,2020-12-08,https://y.gtimg.cn/music/photo_new/T001R300x300M000000c1x452OEKGL.jpg?max_age=2592000,002P8ZPu3d80MD
87,001iP23r3gjCHg,严浩翔,https://y.gtimg.cn/music/photo_new/T001R300x300M000001iP23r3gjCHg.jpg?max_age=2592000,Y,1040655,2021-12-14,https://y.gtimg.cn/music/photo_new/T001R300x300M000001C8eOJ0f7yoq.jpg?max_age=2592000,001iP23r3gjCHg
88,002ehZoP3KY9W8,严浩翔,https://y.gtimg.cn/music/photo_new/T001R300x300M000002ehZoP3KY9W8.jpg?max_age=2592000,尾号6208,2505071,2021-08-16,https://y.gtimg.cn/music/photo_new/T001R300x300M000001C8eOJ0f7yoq.jpg?max_age=2592000,002ehZoP3KY9W8
89,000WFVFG2floXe,严浩翔,https://y.gtimg.cn/music/photo_new/T001R300x300M000000WFVFG2floXe.jpg?max_age=2592000,For You,2020075,2020-05-15,https://y.gtimg.cn/music/photo_new/T001R300x300M000001C8eOJ0f7yoq.jpg?max_age=2592000,000WFVFG2floXe
90,002tP6Pc1GDN8l,严浩翔,https://y.gtimg.cn/music/photo_new/T001R300x300M000002tP6Pc1GDN8l.jpg?max_age=2592000,16,1624122,2020-11-03,https://y.gtimg.cn/music/photo_new/T001R300x300M000001C8eOJ0f7yoq.jpg?max_age=2592000,002tP6Pc1GDN8l
91,001yJX4I2dtABn,严浩翔,https://y.gtimg.cn/music/photo_new/T001R300x300M000001yJX4I2dtABn.jpg?max_age=2592000,花园 + 我想了太多关于你的形容 (Live),1285591,2021-07-10,https://y.gtimg.cn/music/photo_new/T001R300x300M000001C8eOJ0f7yoq.jpg?max_age=2592000,001yJX4I2dtABn
92,003sWvER1wmWUT,严浩翔,https://y.gtimg.cn/music/photo_new/T001R300x300M000003sWvER1wmWUT.jpg?max_age=2592000,做我的猫 (Live),713751,2020-12-08,https://y.gtimg.cn/music/photo_new/T001R300x300M000001C8eOJ0f7yoq.jpg?max_age=2592000,003sWvER1wmWUT
93,002PdcwA15fYx0,严浩翔,https://y.gtimg.cn/music/photo_new/T001R300x300M000002PdcwA15fYx0.jpg?max_age=2592000,爱之初体验,185264,2018-08-16,https://y.gtimg.cn/music/photo_new/T001R300x300M000001C8eOJ0f7yoq.jpg?max_age=2592000,002PdcwA15fYx0
94,0040xNal4abuUU,严浩翔,https://y.gtimg.cn/music/photo_new/T001R300x300M0000040xNal4abuUU.jpg?max_age=2592000,Y (Live),347002,2021-12-18,https://y.gtimg.cn/music/photo_new/T001R300x300M000001C8eOJ0f7yoq.jpg?max_age=2592000,0040xNal4abuUU
95,003He5Z74a1FSf,严浩翔,https://y.gtimg.cn/music/photo_new/T001R300x300M000003He5Z74a1FSf.jpg?max_age=2592000,Rising Sun (Live),714332,2020-10-22,https://y.gtimg.cn/music/photo_new/T001R300x300M000001C8eOJ0f7yoq.jpg?max_age=2592000,003He5Z74a1FSf
96,001dtRCU4Mr8Yj,严浩翔,https://y.gtimg.cn/music/photo_new/T001R300x300M000001dtRCU4Mr8Yj.jpg?max_age=2592000,刀马旦 (Live),2175263,2021-04-05,https://y.gtimg.cn/music/photo_new/T001R300x300M000001C8eOJ0f7yoq.jpg?max_age=2592000,001dtRCU4Mr8Yj
97,001l32Hy18rbSP,贺峻霖,https://y.gtimg.cn/music/photo_new/T001R300x300M000001l32Hy18rbSP.jpg?max_age=2592000,别叫我达芬奇 (Live),601355,2021-12-18,https://y.gtimg.cn/music/photo_new/T001R300x300M000001SD1Yb1IRugt.jpg?max_age=2592000,001l32Hy18rbSP
98,0043mc7Z3P2QiW,贺峻霖,https://y.gtimg.cn/music/photo_new/T001R300x300M0000043mc7Z3P2QiW.jpg?max_age=2592000,玫瑰少年 (Live),1591769,2020-12-08,https://y.gtimg.cn/music/photo_new/T001R300x300M000001SD1Yb1IRugt.jpg?max_age=2592000,0043mc7Z3P2QiW
99,003jtdDZ07I4iq,贺峻霖,https://y.gtimg.cn/music/photo_new/T001R300x300M000003jtdDZ07I4iq.jpg?max_age=2592000,破,798227,2018-10-29,https://y.gtimg.cn/music/photo_new/T001R300x300M000001SD1Yb1IRugt.jpg?max_age=2592000,003jtdDZ07I4iq
100,001HCaqC1A0A2q,丁程鑫,https://y.gtimg.cn/music/photo_new/T001R300x300M000001HCaqC1A0A2q.jpg?max_age=2592000,女孩 (Live),1834520,2020-10-29,https://y.gtimg.cn/music/photo_new/T001R300x300M000002J81Pr09yjag.jpg?max_age=2592000,001HCaqC1A0A2q
101,000Gswuy0YsBTr,丁程鑫,https://y.gtimg.cn/music/photo_new/T001R300x300M000000Gswuy0YsBTr.jpg?max_age=2592000,血腥爱情故事-马嘉琪&丁程鑫 (节目),336,2020-12-15,https://y.gtimg.cn/music/photo_new/T001R300x300M000000WleKD1KIYtL.jpg?max_age=2592000,000Gswuy0YsBTr
102,003UwStr1db6dM,贺峻霖,https://y.gtimg.cn/music/photo_new/T001R300x300M000003UwStr1db6dM.jpg?max_age=2592000,国王与乞丐 (Live),225399,2021-03-19,https://y.gtimg.cn/music/photo_new/T001R300x300M000001SD1Yb1IRugt.jpg?max_age=2592000,003UwStr1db6dM
103,003JxfgA21kaiK,TFBOYS,https://y.gtimg.cn/music/photo_new/T001R300x300M000003JxfgA21kaiK.jpg?max_age=2592000,剩下的盛夏,4614505,2015-12-18,https://y.gtimg.cn/music/photo_new/T001R300x300M000000zmpju02bEBm.jpg?max_age=2592000,003JxfgA21kaiK
104,003XLqcx20e6PG,TFBOYS,https://y.gtimg.cn/music/photo_new/T001R300x300M000003XLqcx20e6PG.jpg?max_age=2592000,样（YOUNG）,4036742,2015-12-18,https://y.gtimg.cn/music/photo_new/T001R300x300M000000zmpju02bEBm.jpg?max_age=2592000,003XLqcx20e6PG
105,003vHYQf1XqU7V,TFBOYS,https://y.gtimg.cn/music/photo_new/T001R300x300M000003vHYQf1XqU7V.jpg?max_age=2592000,不完美小孩,4119748,2017-12-15,https://y.gtimg.cn/music/photo_new/T001R300x300M000000zmpju02bEBm.jpg?max_age=2592000,003vHYQf1XqU7V
106,002ZseEz0PwW3q,TFBOYS,https://y.gtimg.cn/music/photo_new/T001R300x300M000002ZseEz0PwW3q.jpg?max_age=2592000,魔法城堡,3924605,2014-03-17,https://y.gtimg.cn/music/photo_new/T001R300x300M000000zmpju02bEBm.jpg?max_age=2592000,002ZseEz0PwW3q
107,0043Jqer30mZYw,TFBOYS,https://y.gtimg.cn/music/photo_new/T001R300x300M0000043Jqer30mZYw.jpg?max_age=2592000,青春修炼手册,6988357,2014-11-17,https://y.gtimg.cn/music/photo_new/T001R300x300M000000zmpju02bEBm.jpg?max_age=2592000,0043Jqer30mZYw
108,004AGa4s1SF7je,TFBOYS,https://y.gtimg.cn/music/photo_new/T001R300x300M000004AGa4s1SF7je.jpg?max_age=2592000,宠爱,5204471,2015-12-18,https://y.gtimg.cn/music/photo_new/T001R300x300M000000zmpju02bEBm.jpg?max_age=2592000,004AGa4s1SF7je
109,00093nnO2LgT62,TFBOYS,https://y.gtimg.cn/music/photo_new/T001R300x300M00000093nnO2LgT62.jpg?max_age=2592000,爱出发,3434537,2013-10-04,https://y.gtimg.cn/music/photo_new/T001R300x300M000000zmpju02bEBm.jpg?max_age=2592000,00093nnO2LgT62
110,003hTE6N2jHGN5,TFBOYS,https://y.gtimg.cn/music/photo_new/T001R300x300M000003hTE6N2jHGN5.jpg?max_age=2592000,大梦想家,3595433,2015-12-18,https://y.gtimg.cn/music/photo_new/T001R300x300M000000zmpju02bEBm.jpg?max_age=2592000,003hTE6N2jHGN5
111,001Frnm73Fx6Kk,TFBOYS,https://y.gtimg.cn/music/photo_new/T001R300x300M000001Frnm73Fx6Kk.jpg?max_age=2592000,快乐环岛,1808351,2014-11-17,https://y.gtimg.cn/music/photo_new/T001R300x300M000000zmpju02bEBm.jpg?max_age=2592000,001Frnm73Fx6Kk
112,002XLyOB0TsX0e,TFBOYS,https://y.gtimg.cn/music/photo_new/T001R300x300M000002XLyOB0TsX0e.jpg?max_age=2592000,是你,2558200,2017-12-15,https://y.gtimg.cn/music/photo_new/T001R300x300M000000zmpju02bEBm.jpg?max_age=2592000,002XLyOB0TsX0e
113,001UG6La1iD7lb,TFBOYS,https://y.gtimg.cn/music/photo_new/T001R300x300M000001UG6La1iD7lb.jpg?max_age=2592000,Heart,2062911,2013-10-04,https://y.gtimg.cn/music/photo_new/T001R300x300M000000zmpju02bEBm.jpg?max_age=2592000,001UG6La1iD7lb
114,004TSbTK0r96FC,TFBOYS,https://y.gtimg.cn/music/photo_new/T001R300x300M000004TSbTK0r96FC.jpg?max_age=2592000,幸运符号,2380974,2014-11-17,https://y.gtimg.cn/music/photo_new/T001R300x300M000000zmpju02bEBm.jpg?max_age=2592000,004TSbTK0r96FC
115,004DdzMX3NiIiL,TFBOYS,https://y.gtimg.cn/music/photo_new/T001R300x300M000004DdzMX3NiIiL.jpg?max_age=2592000,萤火,2159975,2017-12-15,https://y.gtimg.cn/music/photo_new/T001R300x300M000000zmpju02bEBm.jpg?max_age=2592000,004DdzMX3NiIiL
116,000GzIEY01L6je,TFBOYS,https://y.gtimg.cn/music/photo_new/T001R300x300M000000GzIEY01L6je.jpg?max_age=2592000,干杯 (Live),1104390,2018-08-30,https://y.gtimg.cn/music/photo_new/T001R300x300M000000zmpju02bEBm.jpg?max_age=2592000,000GzIEY01L6je
117,003DA6Qh0Yp1eg,TFBOYS,https://y.gtimg.cn/music/photo_new/T001R300x300M000003DA6Qh0Yp1eg.jpg?max_age=2592000,信仰之名,2367805,2014-11-17,https://y.gtimg.cn/music/photo_new/T001R300x300M000000zmpju02bEBm.jpg?max_age=2592000,003DA6Qh0Yp1eg
118,004DhiJp2lCnj8,TFBOYS,https://y.gtimg.cn/music/photo_new/T001R300x300M000004DhiJp2lCnj8.jpg?max_age=2592000,小精灵,1881612,2017-12-15,https://y.gtimg.cn/music/photo_new/T001R300x300M000000zmpju02bEBm.jpg?max_age=2592000,004DhiJp2lCnj8
119,0043H13p1krqST,TFBOYS,https://y.gtimg.cn/music/photo_new/T001R300x300M0000043H13p1krqST.jpg?max_age=2592000,加油！AMIGO,1520468,2017-07-03,https://y.gtimg.cn/music/photo_new/T001R300x300M000000zmpju02bEBm.jpg?max_age=2592000,0043H13p1krqST
120,000RGQfb1J8Xm8,TFBOYS,https://y.gtimg.cn/music/photo_new/T001R300x300M000000RGQfb1J8Xm8.jpg?max_age=2592000,我们的时光,1902824,2017-12-15,https://y.gtimg.cn/music/photo_new/T001R300x300M000000zmpju02bEBm.jpg?max_age=2592000,000RGQfb1J8Xm8
121,001SyJky2dasTF,TFBOYS,https://y.gtimg.cn/music/photo_new/T001R300x300M000001SyJky2dasTF.jpg?max_age=2592000,倒数 (Live),516300,2020-08-31,https://y.gtimg.cn/music/photo_new/T001R300x300M000000zmpju02bEBm.jpg?max_age=2592000,001SyJky2dasTF
122,001cX1xx0X1NUV,TFBOYS,https://y.gtimg.cn/music/photo_new/T001R300x300M000001cX1xx0X1NUV.jpg?max_age=2592000,灯火,1871915,2020-08-06,https://y.gtimg.cn/music/photo_new/T001R300x300M000000zmpju02bEBm.jpg?max_age=2592000,001cX1xx0X1NUV
123,000fhYAh36i31d,TFBOYS,https://y.gtimg.cn/music/photo_new/T001R300x300M000000fhYAh36i31d.jpg?max_age=2592000,守护家,980820,2016-05-20,https://y.gtimg.cn/music/photo_new/T001R300x300M000000zmpju02bEBm.jpg?max_age=2592000,000fhYAh36i31d
124,0026o4hY3haf33,TFBOYS,https://y.gtimg.cn/music/photo_new/T001R300x300M0000026o4hY3haf33.jpg?max_age=2592000,不息之河,932298,2016-10-12,https://y.gtimg.cn/music/photo_new/T001R300x300M000000zmpju02bEBm.jpg?max_age=2592000,0026o4hY3haf33
125,0000k6bB216clR,TFBOYS,https://y.gtimg.cn/music/photo_new/T001R300x300M0000000k6bB216clR.jpg?max_age=2592000,Tonight Forever,423602,2017-12-11,https://y.gtimg.cn/music/photo_new/T001R300x300M000000zmpju02bEBm.jpg?max_age=2592000,0000k6bB216clR
126,000SidS40gX1gj,TFBOYS,https://y.gtimg.cn/music/photo_new/T001R300x300M000000SidS40gX1gj.jpg?max_age=2592000,IF (Live),369647,2020-08-31,https://y.gtimg.cn/music/photo_new/T001R300x300M000000zmpju02bEBm.jpg?max_age=2592000,000SidS40gX1gj
127,000NjLf42wTC16,TFBOYS,https://y.gtimg.cn/music/photo_new/T001R300x300M000000NjLf42wTC16.jpg?max_age=2592000,未来的进击,1036740,2016-07-04,https://y.gtimg.cn/music/photo_new/T001R300x300M000000zmpju02bEBm.jpg?max_age=2592000,000NjLf42wTC16
128,0044WSp92MU5AU,TFBOYS,https://y.gtimg.cn/music/photo_new/T001R300x300M0000044WSp92MU5AU.jpg?max_age=2592000,梦想起航,1548629,2013-10-04,https://y.gtimg.cn/music/photo_new/T001R300x300M000000zmpju02bEBm.jpg?max_age=2592000,0044WSp92MU5AU
129,002fR85N24eF81,TFBOYS,https://y.gtimg.cn/music/photo_new/T001R300x300M000002fR85N24eF81.jpg?max_age=2592000,和你在一起,3273808,2020-08-06,https://y.gtimg.cn/music/photo_new/T001R300x300M000000zmpju02bEBm.jpg?max_age=2592000,002fR85N24eF81
130,0047kvsx1mFm9M,TFBOYS,https://y.gtimg.cn/music/photo_new/T001R300x300M0000047kvsx1mFm9M.jpg?max_age=2592000,萤火 (Live),213816,2020-08-31,https://y.gtimg.cn/music/photo_new/T001R300x300M000000zmpju02bEBm.jpg?max_age=2592000,0047kvsx1mFm9M
131,002r4JQb33QuRX,TFBOYS,https://y.gtimg.cn/music/photo_new/T001R300x300M000002r4JQb33QuRX.jpg?max_age=2592000,长大以后的世界,1110040,2017-12-15,https://y.gtimg.cn/music/photo_new/T001R300x300M000000IBYF50SRnXP.jpg?max_age=2592000,002r4JQb33QuRX
132,001YGi3a04XQ86,TFBOYS,https://y.gtimg.cn/music/photo_new/T001R300x300M000001YGi3a04XQ86.jpg?max_age=2592000,摩天轮的思念 (Live),247045,2020-08-31,https://y.gtimg.cn/music/photo_new/T001R300x300M000004E2BBy3X9xne.jpg?max_age=2592000,001YGi3a04XQ86
133,0001Gn0j0ZMxnb,TFBOYS,https://y.gtimg.cn/music/photo_new/T001R300x300M0000001Gn0j0ZMxnb.jpg?max_age=2592000,Super Star (Live),289299,2018-08-30,https://y.gtimg.cn/music/photo_new/T001R300x300M000000zmpju02bEBm.jpg?max_age=2592000,0001Gn0j0ZMxnb
134,0003wZs71w3GCT,TFBOYS,https://y.gtimg.cn/music/photo_new/T001R300x300M0000003wZs71w3GCT.jpg?max_age=2592000,快乐环岛 (Live),82952,2018-08-30,https://y.gtimg.cn/music/photo_new/T001R300x300M000000zmpju02bEBm.jpg?max_age=2592000,0003wZs71w3GCT
135,003F6oov0iLbHh,TFBOYS,https://y.gtimg.cn/music/photo_new/T001R300x300M000003F6oov0iLbHh.jpg?max_age=2592000,记.念 (Live),766528,2020-08-31,https://y.gtimg.cn/music/photo_new/T001R300x300M000000zmpju02bEBm.jpg?max_age=2592000,003F6oov0iLbHh
136,0011ixZe4NlSmR,TFBOYS,https://y.gtimg.cn/music/photo_new/T001R300x300M0000011ixZe4NlSmR.jpg?max_age=2592000,情非得已 (Live),326160,2019-08-22,https://y.gtimg.cn/music/photo_new/T001R300x300M000000zmpju02bEBm.jpg?max_age=2592000,0011ixZe4NlSmR
137,001VySE80MYPrC,TFBOYS,https://y.gtimg.cn/music/photo_new/T001R300x300M000001VySE80MYPrC.jpg?max_age=2592000,喜欢你,1498915,2018-08-17,https://y.gtimg.cn/music/photo_new/T001R300x300M000000zmpju02bEBm.jpg?max_age=2592000,001VySE80MYPrC
138,000ZenJc2oSoXC,TFBOYS,https://y.gtimg.cn/music/photo_new/T001R300x300M000000ZenJc2oSoXC.jpg?max_age=2592000,青春修炼手册 (Live),126665,2018-08-30,https://y.gtimg.cn/music/photo_new/T001R300x300M000000zmpju02bEBm.jpg?max_age=2592000,000ZenJc2oSoXC
139,001kYUmm3LzI4F,TFBOYS,https://y.gtimg.cn/music/photo_new/T001R300x300M000001kYUmm3LzI4F.jpg?max_age=2592000,我要给世界最悠长的湿吻 (Live),410623,2020-08-31,https://y.gtimg.cn/music/photo_new/T001R300x300M000000zmpju02bEBm.jpg?max_age=2592000,001kYUmm3LzI4F
140,003Q4w292KIzGE,TFBOYS,https://y.gtimg.cn/music/photo_new/T001R300x300M000003Q4w292KIzGE.jpg?max_age=2592000,恋西游,758881,2015-04-14,https://y.gtimg.cn/music/photo_new/T001R300x300M000000zmpju02bEBm.jpg?max_age=2592000,003Q4w292KIzGE
141,004OLzx92KFly1,TFBOYS,https://y.gtimg.cn/music/photo_new/T001R300x300M000004OLzx92KFly1.jpg?max_age=2592000,第一次告白,1348219,2019-08-05,https://y.gtimg.cn/music/photo_new/T001R300x300M000000zmpju02bEBm.jpg?max_age=2592000,004OLzx92KFly1
142,002X82lh3cjuFo,TFBOYS,https://y.gtimg.cn/music/photo_new/T001R300x300M000002X82lh3cjuFo.jpg?max_age=2592000,少年说,1020558,2015-12-18,https://y.gtimg.cn/music/photo_new/T001R300x300M000000zmpju02bEBm.jpg?max_age=2592000,002X82lh3cjuFo
143,001lpYNI0sQWIS,时代少年团,https://y.gtimg.cn/music/photo_new/T001R300x300M000001lpYNI0sQWIS.jpg?max_age=2592000,有你,1048407,2021-12-25,https://y.gtimg.cn/music/photo_new/T001R300x300M0000039JTTG0s4SCv.jpg?max_age=2592000,001lpYNI0sQWIS
144,004L20rs05bJrV,时代少年团,https://y.gtimg.cn/music/photo_new/T001R300x300M000004L20rs05bJrV.jpg?max_age=2592000,男儿歌,1440636,2021-11-11,https://y.gtimg.cn/music/photo_new/T001R300x300M0000039JTTG0s4SCv.jpg?max_age=2592000,004L20rs05bJrV
145,000egT6Y408IZO,时代少年团,https://y.gtimg.cn/music/photo_new/T001R300x300M000000egT6Y408IZO.jpg?max_age=2592000,醉,2270628,2021-11-11,https://y.gtimg.cn/music/photo_new/T001R300x300M0000039JTTG0s4SCv.jpg?max_age=2592000,000egT6Y408IZO
146,000i3A9p2Prmso,时代少年团,https://y.gtimg.cn/music/photo_new/T001R300x300M000000i3A9p2Prmso.jpg?max_age=2592000,花田错 (Live),728430,2021-12-18,https://y.gtimg.cn/music/photo_new/T001R300x300M0000039JTTG0s4SCv.jpg?max_age=2592000,000i3A9p2Prmso
147,0039rJNt2rNDz2,时代少年团,https://y.gtimg.cn/music/photo_new/T001R300x300M0000039rJNt2rNDz2.jpg?max_age=2592000,哪吒,2226818,2021-11-11,https://y.gtimg.cn/music/photo_new/T001R300x300M0000039JTTG0s4SCv.jpg?max_age=2592000,0039rJNt2rNDz2
148,003FHbEH29twZu,时代少年团,https://y.gtimg.cn/music/photo_new/T001R300x300M000003FHbEH29twZu.jpg?max_age=2592000,朱雀,4139790,2021-07-26,https://y.gtimg.cn/music/photo_new/T001R300x300M0000039JTTG0s4SCv.jpg?max_age=2592000,003FHbEH29twZu
149,003XqvzC0DhoQF,时代少年团,https://y.gtimg.cn/music/photo_new/T001R300x300M000003XqvzC0DhoQF.jpg?max_age=2592000,姐姐真漂亮,5165316,2021-07-18,https://y.gtimg.cn/music/photo_new/T001R300x300M0000039JTTG0s4SCv.jpg?max_age=2592000,003XqvzC0DhoQF
150,002IdsKB1F0YX1,时代少年团,https://y.gtimg.cn/music/photo_new/T001R300x300M000002IdsKB1F0YX1.jpg?max_age=2592000,少年时代,3376546,2021-07-18,https://y.gtimg.cn/music/photo_new/T001R300x300M0000039JTTG0s4SCv.jpg?max_age=2592000,002IdsKB1F0YX1
151,004IaxkY3LZOkx,时代少年团,https://y.gtimg.cn/music/photo_new/T001R300x300M000004IaxkY3LZOkx.jpg?max_age=2592000,我喜欢你,3876917,2021-07-26,https://y.gtimg.cn/music/photo_new/T001R300x300M0000039JTTG0s4SCv.jpg?max_age=2592000,004IaxkY3LZOkx
152,000UARzg3s35NV,时代少年团,https://y.gtimg.cn/music/photo_new/T001R300x300M000000UARzg3s35NV.jpg?max_age=2592000,少年美 (Live),243593,2021-12-18,https://y.gtimg.cn/music/photo_new/T001R300x300M0000039JTTG0s4SCv.jpg?max_age=2592000,000UARzg3s35NV
153,001UNdQ218ok8s,时代少年团,https://y.gtimg.cn/music/photo_new/T001R300x300M000001UNdQ218ok8s.jpg?max_age=2592000,全校通报 (Live),790569,2020-12-08,https://y.gtimg.cn/music/photo_new/T001R300x300M0000039JTTG0s4SCv.jpg?max_age=2592000,001UNdQ218ok8s
154,0007v1050B9jir,时代少年团,https://y.gtimg.cn/music/photo_new/T001R300x300M0000007v1050B9jir.jpg?max_age=2592000,剑雨江湖,2391282,2021-07-18,https://y.gtimg.cn/music/photo_new/T001R300x300M0000039JTTG0s4SCv.jpg?max_age=2592000,0007v1050B9jir
155,002hdMK22SGGqj,时代少年团,https://y.gtimg.cn/music/photo_new/T001R300x300M000002hdMK22SGGqj.jpg?max_age=2592000,少年时代 (Live),203635,2021-12-18,https://y.gtimg.cn/music/photo_new/T001R300x300M0000039JTTG0s4SCv.jpg?max_age=2592000,002hdMK22SGGqj
156,0040dtbo3XVRRE,时代少年团,https://y.gtimg.cn/music/photo_new/T001R300x300M0000040dtbo3XVRRE.jpg?max_age=2592000,要你管,5026505,2021-07-18,https://y.gtimg.cn/music/photo_new/T001R300x300M0000039JTTG0s4SCv.jpg?max_age=2592000,0040dtbo3XVRRE
157,004IEwRX1AUkKY,时代少年团,https://y.gtimg.cn/music/photo_new/T001R300x300M000004IEwRX1AUkKY.jpg?max_age=2592000,朱雀 (Live),236493,2021-12-18,https://y.gtimg.cn/music/photo_new/T001R300x300M0000039JTTG0s4SCv.jpg?max_age=2592000,004IEwRX1AUkKY
158,003oIzkp3Q6nrc,时代少年团,https://y.gtimg.cn/music/photo_new/T001R300x300M000003oIzkp3Q6nrc.jpg?max_age=2592000,我喜欢你 (Live),206102,2021-12-18,https://y.gtimg.cn/music/photo_new/T001R300x300M0000039JTTG0s4SCv.jpg?max_age=2592000,003oIzkp3Q6nrc
159,001KH95G0jqOXJ,时代少年团,https://y.gtimg.cn/music/photo_new/T001R300x300M000001KH95G0jqOXJ.jpg?max_age=2592000,男儿歌 (Live),86365,2021-12-11,https://y.gtimg.cn/music/photo_new/T001R300x300M0000039JTTG0s4SCv.jpg?max_age=2592000,001KH95G0jqOXJ
160,001nh2iE3AzBgf,时代少年团,https://y.gtimg.cn/music/photo_new/T001R300x300M000001nh2iE3AzBgf.jpg?max_age=2592000,2035是这young,1480743,2020-12-28,https://y.gtimg.cn/music/photo_new/T001R300x300M0000039JTTG0s4SCv.jpg?max_age=2592000,001nh2iE3AzBgf
161,000X3grs2JIges,时代少年团,https://y.gtimg.cn/music/photo_new/T001R300x300M000000X3grs2JIges.jpg?max_age=2592000,傻瓜,2924828,2021-07-26,https://y.gtimg.cn/music/photo_new/T001R300x300M0000039JTTG0s4SCv.jpg?max_age=2592000,000X3grs2JIges
162,002UKWPs2VIRLI,时代少年团,https://y.gtimg.cn/music/photo_new/T001R300x300M000002UKWPs2VIRLI.jpg?max_age=2592000,只有我一个人觉得？,3736157,2021-07-18,https://y.gtimg.cn/music/photo_new/T001R300x300M0000039JTTG0s4SCv.jpg?max_age=2592000,002UKWPs2VIRLI
163,002OElOH1XSSfl,时代少年团,https://y.gtimg.cn/music/photo_new/T001R300x300M000002OElOH1XSSfl.jpg?max_age=2592000,相遇,4024272,2021-07-18,https://y.gtimg.cn/music/photo_new/T001R300x300M0000039JTTG0s4SCv.jpg?max_age=2592000,002OElOH1XSSfl
164,004HcwaC1pVEdR,时代少年团,https://y.gtimg.cn/music/photo_new/T001R300x300M000004HcwaC1pVEdR.jpg?max_age=2592000,傻瓜 (Live),207569,2021-12-18,https://y.gtimg.cn/music/photo_new/T001R300x300M0000039JTTG0s4SCv.jpg?max_age=2592000,004HcwaC1pVEdR
165,001j0mhx2oeHMu,时代少年团,https://y.gtimg.cn/music/photo_new/T001R300x300M000001j0mhx2oeHMu.jpg?max_age=2592000,爱的就是你 (Live),1292169,2020-12-08,https://y.gtimg.cn/music/photo_new/T001R300x300M000003yal7K3fzAGl.jpg?max_age=2592000,001j0mhx2oeHMu
166,003Lg43h2A6OYp,时代少年团,https://y.gtimg.cn/music/photo_new/T001R300x300M000003Lg43h2A6OYp.jpg?max_age=2592000,特务J (Live),1404300,2021-04-05,https://y.gtimg.cn/music/photo_new/T001R300x300M000000mko8y2eLTEx.jpg?max_age=2592000,003Lg43h2A6OYp
167,003LNbEy2vGBXG,时代少年团,https://y.gtimg.cn/music/photo_new/T001R300x300M000003LNbEy2vGBXG.jpg?max_age=2592000,爆米花 (Live),948048,2020-12-08,https://y.gtimg.cn/music/photo_new/T001R300x300M0000039JTTG0s4SCv.jpg?max_age=2592000,003LNbEy2vGBXG
168,002HjfKD35Br98,时代少年团,https://y.gtimg.cn/music/photo_new/T001R300x300M000002HjfKD35Br98.jpg?max_age=2592000,梦游记,1549673,2020-01-07,https://y.gtimg.cn/music/photo_new/T001R300x300M0000039JTTG0s4SCv.jpg?max_age=2592000,002HjfKD35Br98
169,003Q1Xqw3pDRsK,时代少年团,https://y.gtimg.cn/music/photo_new/T001R300x300M000003Q1Xqw3pDRsK.jpg?max_age=2592000,无尽的冒险 (Live),903791,2020-12-08,https://y.gtimg.cn/music/photo_new/T001R300x300M0000039JTTG0s4SCv.jpg?max_age=2592000,003Q1Xqw3pDRsK
170,000xViF63UW4FT,时代少年团,https://y.gtimg.cn/music/photo_new/T001R300x300M000000xViF63UW4FT.jpg?max_age=2592000,姐姐真漂亮 (Live),377367,2020-10-04,https://y.gtimg.cn/music/photo_new/T001R300x300M0000039JTTG0s4SCv.jpg?max_age=2592000,000xViF63UW4FT
171,002rYOGA3yCsln,时代少年团,https://y.gtimg.cn/music/photo_new/T001R300x300M000002rYOGA3yCsln.jpg?max_age=2592000,爆米花,3437125,2020-04-03,https://y.gtimg.cn/music/photo_new/T001R300x300M0000039JTTG0s4SCv.jpg?max_age=2592000,002rYOGA3yCsln
172,0046DZ1Q2jLlHA,时代少年团,https://y.gtimg.cn/music/photo_new/T001R300x300M0000046DZ1Q2jLlHA.jpg?max_age=2592000,小小孩,2785127,2021-07-18,https://y.gtimg.cn/music/photo_new/T001R300x300M0000039JTTG0s4SCv.jpg?max_age=2592000,0046DZ1Q2jLlHA
173,0008UJ1Z1gnjks,TFBOYS,https://y.gtimg.cn/music/photo_new/T001R300x300M0000008UJ1Z1gnjks.jpg?max_age=2592000,这一首歌_峤祎  苏音  岑勋腾,1,2015-04-17,https://y.gtimg.cn/music/photo_new/T001R300x300M000003AhZ8a1FWUpa.jpg?max_age=2592000,0008UJ1Z1gnjks
175,004SgmRs4Qe59b,TFBOYS,https://y.gtimg.cn/music/photo_new/T001R300x300M000004SgmRs4Qe59b.jpg?max_age=2592000,属于谁的美丽_岑勋腾,2,2015-04-17,https://y.gtimg.cn/music/photo_new/T001R300x300M000003AhZ8a1FWUpa.jpg?max_age=2592000,004SgmRs4Qe59b
177,000MEds73zaAJu,TFBOYS,https://y.gtimg.cn/music/photo_new/T001R300x300M000000MEds73zaAJu.jpg?max_age=2592000,有你陪着我,33,2017-10-20,https://y.gtimg.cn/music/photo_new/T001R300x300M000003AhZ8a1FWUpa.jpg?max_age=2592000,000MEds73zaAJu
178,003aetHm4fN7ge,TFBOYS,https://y.gtimg.cn/music/photo_new/T001R300x300M000003aetHm4fN7ge.jpg?max_age=2592000,毕业的那一天,20,2017-10-20,https://y.gtimg.cn/music/photo_new/T001R300x300M000003AhZ8a1FWUpa.jpg?max_age=2592000,003aetHm4fN7ge
179,0039c1GP46gV7c,TFBOYS,https://y.gtimg.cn/music/photo_new/T001R300x300M0000039c1GP46gV7c.jpg?max_age=2592000,散尽繁华,21,2017-06-07,https://y.gtimg.cn/music/photo_new/T001R300x300M000003AhZ8a1FWUpa.jpg?max_age=2592000,0039c1GP46gV7c
180,002AAf1n0HonhI,TFBOYS,https://y.gtimg.cn/music/photo_new/T001R300x300M000002AAf1n0HonhI.jpg?max_age=2592000,我们都已长大了,77,2017-10-10,https://y.gtimg.cn/music/photo_new/T001R300x300M000003AhZ8a1FWUpa.jpg?max_age=2592000,002AAf1n0HonhI
181,000FLICu0mTtrC,TFBOYS,https://y.gtimg.cn/music/photo_new/T001R300x300M000000FLICu0mTtrC.jpg?max_age=2592000,给你的爱,6,2017-05-23,https://y.gtimg.cn/music/photo_new/T001R300x300M000003AhZ8a1FWUpa.jpg?max_age=2592000,000FLICu0mTtrC
182,003okzU93EVPb7,TFBOYS,https://y.gtimg.cn/music/photo_new/T001R300x300M000003okzU93EVPb7.jpg?max_age=2592000,一个人,10,2017-07-13,https://y.gtimg.cn/music/photo_new/T001R300x300M000003AhZ8a1FWUpa.jpg?max_age=2592000,003okzU93EVPb7
189,002nIaKd2QcpDJ,TEENS IN TIMES,https://y.gtimg.cn/music/photo_new/T001R300x300M000002nIaKd2QcpDJ.jpg?max_age=2592000,One Thousand Years of Rain,205,2015-03-10,https://y.gtimg.cn/music/photo_new/T001R300x300M000002bwM3t2X1Mvq.jpg?max_age=2592000,002nIaKd2QcpDJ
190,000El1uU2LGkg0,TEENS IN TIMES,https://y.gtimg.cn/music/photo_new/T001R300x300M000000El1uU2LGkg0.jpg?max_age=2592000,Musiques intimes et secretes: Nostalgie - Froide songerie - Facheux exemple,3496,2007-09-01,https://y.gtimg.cn/music/photo_new/T001R300x300M000001tlv7b0j4BXZ.jpg?max_age=2592000,000El1uU2LGkg0
191,003uMnQK1SsV9q,TEENS IN TIMES,https://y.gtimg.cn/music/photo_new/T001R300x300M000003uMnQK1SsV9q.jpg?max_age=2592000,玲珑,23118,2017-09-04,https://y.gtimg.cn/music/photo_new/T001R300x300M000000aw4WC2EQYTv.jpg?max_age=2592000,003uMnQK1SsV9q
193,003dUjnq3fxxNI,TEENS IN TIMES,https://y.gtimg.cn/music/photo_new/T001R300x300M000003dUjnq3fxxNI.jpg?max_age=2592000,Twistin' Teen Time,3,2011-03-01,https://y.gtimg.cn/music/photo_new/T001R300x300M000004RC0J61YeFlb.jpg?max_age=2592000,003dUjnq3fxxNI
194,002Asf1o2VWueX,TEENS IN TIMES,https://y.gtimg.cn/music/photo_new/T001R300x300M000002Asf1o2VWueX.jpg?max_age=2592000,In Times,10,2015-03-10,https://y.gtimg.cn/music/photo_new/T001R300x300M000002bwM3t2X1Mvq.jpg?max_age=2592000,002Asf1o2VWueX
195,000Y8biu3Ni0Zr,TEENS IN TIMES,https://y.gtimg.cn/music/photo_new/T001R300x300M000000Y8biu3Ni0Zr.jpg?max_age=2592000,In Times,3,2019-04-23,https://y.gtimg.cn/music/photo_new/T001R300x300M000003zLiUb3dT6Pj.jpg?max_age=2592000,000Y8biu3Ni0Zr
199,002DBx9H1oOEhr,TEENS IN TIMES,https://y.gtimg.cn/music/photo_new/T001R300x300M000002DBx9H1oOEhr.jpg?max_age=2592000,In Times (Live),1,2017-05-19,https://y.gtimg.cn/music/photo_new/T001R300x300M000002bwM3t2X1Mvq.jpg?max_age=2592000,002DBx9H1oOEhr
