影视作品：,日期,节目名称,地区,身份,图片
影视作品：,日期,节目名称,地区,身份,图片
广告代言,2008,《极速快车手》,香港,代言人,"https://gimg2.baidu.com/image_search/src=http%3A%2F%2Fb-ssl.duitang.com%2Fuploads%2Fitem%2F201506%2F27%2F20150627161637_HfC52.thumb.700_0.jpeg&refer=http%3A%2F%2Fb-ssl.duitang.com&app=2002&size=f9999,10000&q=a80&n=0&g=0n&fmt=jpeg?sec=1631775924&t=0e039a4775f71f871a757193533aa72c"
节目嘉宾,2008年05月24日,无线音乐台Live House （11月9日）,,,"https://gimg2.baidu.com/image_search/src=http%3A%2F%2F5b0988e595225.cdn.sohucs.com%2Fimages%2F20190313%2Fedeb24a5e1e6489fbf89ceba7ffddbd1.jpeg&refer=http%3A%2F%2F5b0988e595225.cdn.sohucs.com&app=2002&size=f9999,10000&q=a80&n=0&g=0n&fmt=jpeg?sec=1631775925&t=811a02c39f9a50e646a9c862da17299c"
节目嘉宾,2008年07月21日－8月01日,无线电视短剧《理想前程有Say有Way》,,,"https://gimg2.baidu.com/image_search/src=http%3A%2F%2Fimages.9zhitx.com%2Ff00719d8-781b-4317-8e00-90f9ff26d3b9.jpg&refer=http%3A%2F%2Fimages.9zhitx.com&app=2002&size=f9999,10000&q=a80&n=0&g=0n&fmt=jpeg?sec=1631775925&t=5f50bdb7d5b9df8ae7afd041e4567a42"
节目嘉宾,2008年08月,英皇娱乐台E之班街头争霸 Music Battle,,,"https://gimg2.baidu.com/image_search/src=http%3A%2F%2Fpimg.dmcdn.cn%2Fperform%2Fproject%2F680%2F68055_n.jpg&refer=http%3A%2F%2Fpimg.dmcdn.cn&app=2002&size=f9999,10000&q=a80&n=0&g=0n&fmt=jpeg?sec=1631775926&t=7fb594a7cd4a36fd9581314c190b4576"
节目嘉宾,2008年10月02日、10月09日,无线电视收费台《星级厨房》,,,"https://gimg2.baidu.com/image_search/src=http%3A%2F%2Fnimg.ws.126.net%2F%3Furl%3Dhttp%253A%252F%252Fdingyue.ws.126.net%252F2021%252F0710%252F61f5ab48p00qw07lo001wc000fe00aam.png%26thumbnail%3D650x2147483647%26quality%3D80%26type%3Djpg&refer=http%3A%2F%2Fnimg.ws.126.net&app=2002&size=f9999,10000&q=a80&n=0&g=0n&fmt=jpeg?sec=1631775926&t=0a19fe41e06bf002def37a2e961355f8"
节目嘉宾,2008年12月14日,《大龙凤茶楼》,,,"https://gimg2.baidu.com/image_search/src=http%3A%2F%2Fpic.baike.soso.com%2Fp%2F20130807%2F20130807134316-1124185236.jpg&refer=http%3A%2F%2Fpic.baike.soso.com&app=2002&size=f9999,10000&q=a80&n=0&g=0n&fmt=jpeg?sec=1631775927&t=a4f18da8ad052703fca266efdde2ddc9"
广告代言,2009,《宝矿力水特》,香港,声演,"https://gimg2.baidu.com/image_search/src=http%3A%2F%2F5b0988e595225.cdn.sohucs.com%2Fq_70%2Cc_zoom%2Cw_640%2Fimages%2F20190316%2F8c4638701f2542a78aebcde812d3afdd.jpeg&refer=http%3A%2F%2F5b0988e595225.cdn.sohucs.com&app=2002&size=f9999,10000&q=a80&n=0&g=0n&fmt=jpeg?sec=1631775927&t=74c6ed49630acb8f879a17c8ba587c77"
广告代言,2009,《必理痛经痛配方》,香港,,"https://gimg2.baidu.com/image_search/src=http%3A%2F%2Fimg02.b2bvip.net%2Fshop%2F201203%2F22%2F23%2F23-21-21-68-1061063.jpg&refer=http%3A%2F%2Fimg02.b2bvip.net&app=2002&size=f9999,10000&q=a80&n=0&g=0n&fmt=jpeg?sec=1631775928&t=8c5304cc48676ae312df474210bf8964"
广告代言,2009,《IDA》,香港,代言人,"https://gimg2.baidu.com/image_search/src=http%3A%2F%2Fimg1.ahtv.cn%2Fmaterial%2Fnews%2Fimg%2F640x%2F2014%2F01%2F2c0dfa413ce39daf4fe8378c38d8ef8d.jpeg&refer=http%3A%2F%2Fimg1.ahtv.cn&app=2002&size=f9999,10000&q=a80&n=0&g=0n&fmt=jpeg?sec=1631775928&t=2040efe0ecfa49269321c0d36b470219"
广告代言,2009,《英皇教育》,香港,代言人,https://ss3.baidu.com/-fo3dSag_xI4khGko9WTAnF6hhy/zhidao/pic/item/7aec54e736d12f2eb75cea0e4cc2d56285356806.jpg
广告代言,2009,《镭射发展》,香港,代言人,"https://gimg2.baidu.com/image_search/src=http%3A%2F%2Fdingyue.ws.126.net%2F2019%2F03%2F10%2F277888bf09394a86b4261011c685d777.jpeg&refer=http%3A%2F%2Fdingyue.ws.126.net&app=2002&size=f9999,10000&q=a80&n=0&g=0n&fmt=jpeg?sec=1631775929&t=575c4ab8307bd5448f61dfaef820cff9"
广告代言,2009,《Skechers》,香港,代言人,"https://gimg2.baidu.com/image_search/src=http%3A%2F%2Fi.keaitupian.net%2Fup%2F9c%2F7b%2F59%2Fe736601bd947fef1f977a10f4d597b9c.jpg&refer=http%3A%2F%2Fi.keaitupian.net&app=2002&size=f9999,10000&q=a80&n=0&g=0n&fmt=jpeg?sec=1631775930&t=fa68c6263711492725880883e552c383"
节目嘉宾,2009年01月12日,娱乐直播,,,"https://gimg2.baidu.com/image_search/src=http%3A%2F%2Fwww.wwezhibo.com%2Fuploads%2Fallimg%2F160704%2F00022W321-0.jpg&refer=http%3A%2F%2Fwww.wwezhibo.com&app=2002&size=f9999,10000&q=a80&n=0&g=0n&fmt=jpeg?sec=1631775930&t=00675b38f29fe5c469b265d0c8b76442"
节目嘉宾,2009年01月24日,激优一族,,,"https://gimg2.baidu.com/image_search/src=http%3A%2F%2Fimg.toutiao.feiyang.com%2F201808%2F40370%2Farticle%2F242815355051931417.jpeg&refer=http%3A%2F%2Fimg.toutiao.feiyang.com&app=2002&size=f9999,10000&q=a80&n=0&g=0n&fmt=jpeg?sec=1631775931&t=b8b47807afd2e64344fce2cb41a8cbdb"
节目嘉宾,2009年01月31日,型人型乐馆,,,"https://gimg2.baidu.com/image_search/src=http%3A%2F%2Fp2.pstatp.com%2Flarge%2Fd01000328089eb08fb2&refer=http%3A%2F%2Fp2.pstatp.com&app=2002&size=f9999,10000&q=a80&n=0&g=0n&fmt=jpeg?sec=1631775931&t=adec9a8c48a1ef11cad126a0c8fd48a2"
节目嘉宾,2009年02月07日,劲歌金曲（兼任主持）,,,"https://gimg2.baidu.com/image_search/src=http%3A%2F%2Fimg3.cache.netease.com%2Fphoto%2F0003%2F2014-10-20%2FA90U554D28NJ0003.550x.0.jpg&refer=http%3A%2F%2Fimg3.cache.netease.com&app=2002&size=f9999,10000&q=a80&n=0&g=0n&fmt=jpeg?sec=1631775932&t=f961299186450d9dc75daff3f8d4aef9"
电影作品,2009年02月19日,保持爱你,阿仪,客串,"https://gimg2.baidu.com/image_search/src=http%3A%2F%2Fa3.att.hudong.com%2F11%2F25%2F01300000241358128409253218935_s.jpg&refer=http%3A%2F%2Fa3.att.hudong.com&app=2002&size=f9999,10000&q=a80&n=0&g=0n&fmt=jpeg?sec=1631775932&t=77a7191afd2b046a9043c7256133b32f"
节目嘉宾,2009年05月17日,美女厨房 第6集,,,https://ss2.baidu.com/-vo3dSag_xI4khGko9WTAnF6hhy/zhidao/wh%3D450%2C600/sign=c2709cb00846f21fc9615657c3144756/b219ebc4b74543a9979c28871c178a82b80114f1.jpg
电影作品,2009年09月03日,爱出猫,GEM,女主角,"https://gimg2.baidu.com/image_search/src=http%3A%2F%2Fimg.mp.sohu.com%2Fq_mini%2Cc_zoom%2Cw_640%2Fupload%2F20170715%2Ffea025f0b67342f1809d28a84a645877_th.jpg&refer=http%3A%2F%2Fimg.mp.sohu.com&app=2002&size=f9999,10000&q=a80&n=0&g=0n&fmt=jpeg?sec=1631775934&t=88be823ff7cb1c4b8345cee8422a55bf"
节目嘉宾,2009年09月13日,美女厨房《天堂地狱争霸战09》,,,"https://gimg2.baidu.com/image_search/src=http%3A%2F%2F5b0988e595225.cdn.sohucs.com%2Fimages%2F20180322%2F1d4c00fa60be443a87358da0c071dab1.jpeg&refer=http%3A%2F%2F5b0988e595225.cdn.sohucs.com&app=2002&size=f9999,10000&q=a80&n=0&g=0n&fmt=jpeg?sec=1631775934&t=c6864151e2cf85d33be0f67624e3d0d6"
节目嘉宾,2009年09月20日、9月27日,超级巨声 第10、11集,,,"https://gimg2.baidu.com/image_search/src=http%3A%2F%2Fimg.mp.sohu.com%2Fq_mini%2Cc_zoom%2Cw_640%2Fupload%2F20170802%2Fdcfb13a789a84ab099176816a8dcb5f7_th.jpg&refer=http%3A%2F%2Fimg.mp.sohu.com&app=2002&size=f9999,10000&q=a80&n=0&g=0n&fmt=jpeg?sec=1631775935&t=44ccbf915f7c39f5f5bccc814d1d3115"
节目嘉宾,2009年10月16日,劲歌金曲,,,"https://gimg2.baidu.com/image_search/src=http%3A%2F%2Fimage.juooo.com%2Fuploads%2Feditor%2Fmonth_1211%2F201211071131213079.jpg&refer=http%3A%2F%2Fimage.juooo.com&app=2002&size=f9999,10000&q=a80&n=0&g=0n&fmt=jpeg?sec=1631775935&t=583d01da7b1ca89b8181e5c3590f2144"
节目嘉宾,2009年11月07日,翡翠歌星贺台庆,,,"https://gimg2.baidu.com/image_search/src=http%3A%2F%2Fimg1.cache.netease.com%2Fent%2F2008%2F11%2F1%2F200811012256543bea0.jpg&refer=http%3A%2F%2Fimg1.cache.netease.com&app=2002&size=f9999,10000&q=a80&n=0&g=0n&fmt=jpeg?sec=1631775936&t=b517c5e947b66e0ef4a0c656da2ca318"
广告代言,2010,《Skechers》,香港,代言人,"https://gimg2.baidu.com/image_search/src=http%3A%2F%2F5b0988e595225.cdn.sohucs.com%2Fimages%2F20180320%2F530c5f58e2604cba95305651b7b10597.jpeg&refer=http%3A%2F%2F5b0988e595225.cdn.sohucs.com&app=2002&size=f9999,10000&q=a80&n=0&g=0n&fmt=jpeg?sec=1631775936&t=65e898c3ce45083836cb6258b16c1f43"
广告代言,2010,《白兔牌暗疮膏》,香港,代言人,"https://gimg2.baidu.com/image_search/src=http%3A%2F%2F5b0988e595225.cdn.sohucs.com%2Fq_70%2Cc_zoom%2Cw_640%2Fimages%2F20190127%2F5acafa4473ac4549add9d095752651c0.jpeg&refer=http%3A%2F%2F5b0988e595225.cdn.sohucs.com&app=2002&size=f9999,10000&q=a80&n=0&g=0n&fmt=jpeg?sec=1631775937&t=4a98c8a44b8e9e7ef0bf273609cea808"
广告代言,2010,《Maybelline》,香港,代言人,"https://gimg2.baidu.com/image_search/src=http%3A%2F%2Fbbs.ugong.com%2Fdata%2Fattachment%2Fforum%2F201308%2F14%2F160424plzpipaur5kaukpi.jpg&refer=http%3A%2F%2Fbbs.ugong.com&app=2002&size=f9999,10000&q=a80&n=0&g=0n&fmt=jpeg?sec=1631775937&t=d6a6687f67d369088b4afad5bd3bd260"
广告代言,2010,《卉妍康预防子宫颈癌疫苗》,香港,代言人,"https://gimg2.baidu.com/image_search/src=http%3A%2F%2Fb-ssl.duitang.com%2Fuploads%2Fitem%2F201902%2F02%2F20190202183203_evriu.jpg&refer=http%3A%2F%2Fb-ssl.duitang.com&app=2002&size=f9999,10000&q=a80&n=0&g=0n&fmt=jpeg?sec=1631775938&t=544af66b16ebdf836969087524ecced1"
节目嘉宾,2010年01月08日,《劲歌金曲》,,,"https://gimg2.baidu.com/image_search/src=http%3A%2F%2Fy1.ifengimg.com%2F00cd7cb92522610e%2F2013%2F0117%2Frdn_50f77426d8a94.jpg&refer=http%3A%2F%2Fy1.ifengimg.com&app=2002&size=f9999,10000&q=a80&n=0&g=0n&fmt=jpeg?sec=1631775939&t=e06665e86f0f0b20e4855f2099b5dd77"
节目嘉宾,2010年04月30日,台视《百万小学堂》,,,"https://gimg2.baidu.com/image_search/src=http%3A%2F%2Fimages2.china.com%2Ffun%2Fzh_cn%2Fstar%2Fnews%2F11052670%2F20090323%2F200903231012521296400.jpg&refer=http%3A%2F%2Fimages2.china.com&app=2002&size=f9999,10000&q=a80&n=0&g=0n&fmt=jpeg?sec=1631775939&t=652ee3a244e891e0a780a3865041ecf6"
节目嘉宾,2010年04月30日,三立都会台《完全娱乐》,,,"https://gimg2.baidu.com/image_search/src=http%3A%2F%2Fzy.qumingxing.com%2Fupload%2F2017%2F03%2F04%2F2128%2F14886341084705035941e.jpg&refer=http%3A%2F%2Fzy.qumingxing.com&app=2002&size=f9999,10000&q=a80&n=0&g=0n&fmt=jpeg?sec=1631775940&t=085d45009371207db78f6c742ee40126"
节目嘉宾,2010年05月01日,八大综合台《娱乐百分百》,,,https://ss2.baidu.com/-vo3dSag_xI4khGko9WTAnF6hhy/baike/c0%3Dbaike80%2C5%2C5%2C80%2C26/sign=d4f5966ecd11728b24208470a995a8ab/908fa0ec08fa513d236275213d6d55fbb3fbd900.jpg
节目嘉宾,2010年05月02日,公视《音乐万万岁》第60集,,,"https://gimg2.baidu.com/image_search/src=http%3A%2F%2Fwww.zhuyin.com%2Fzjietu%2F120%2Fgqych-00115.2.jpg&refer=http%3A%2F%2Fwww.zhuyin.com&app=2002&size=f9999,10000&q=a80&n=0&g=0n&fmt=jpeg?sec=1631775941&t=b3ed4fb0149f69db35248f89be17ad1e"
节目嘉宾,2010年05月08日,Channel V《我爱黑涩棒棒堂》第113集,,,https://ss0.baidu.com/-Po3dSag_xI4khGko9WTAnF6hhy/zhidao/pic/item/ac4bd11373f08202f160e57a48fbfbedaa641b80.jpg
节目嘉宾,2010年05月08日,中视《我猜我猜我猜猜猜》,,,"https://gimg2.baidu.com/image_search/src=http%3A%2F%2Fp8.itc.cn%2Fimages01%2F20210725%2Fe7701c585e844532b7c9b91f4699015f.jpeg&refer=http%3A%2F%2Fp8.itc.cn&app=2002&size=f9999,10000&q=a80&n=0&g=0n&fmt=jpeg?sec=1631775942&t=b009b461512f6e2d404b4f7d3ccb0dca"
节目嘉宾,2010年05月08日,华视《天才冲冲冲》,,,"https://gimg2.baidu.com/image_search/src=http%3A%2F%2Fpic.baike.soso.com%2Fp%2F20140210%2F20140210111603-1387358930.jpg&refer=http%3A%2F%2Fpic.baike.soso.com&app=2002&size=f9999,10000&q=a80&n=0&g=0n&fmt=jpeg?sec=1631775942&t=e18bfa454d94b128443931e6b1b71b34"
节目嘉宾,2010年05月10日,中天综合台《大学生了没》,,,"https://gimg2.baidu.com/image_search/src=http%3A%2F%2Fmmbiz.qpic.cn%2Fmmbiz%2FZWK5xRAe4aibgXzofWQapsWJfTBCspHJeJQtuaAnzJ2sEgGeQmArSODSyuIPeIO012yhQUePe8gvLuRydJiaLLMg%2F0%3Fwx_fmt%3Dpng&refer=http%3A%2F%2Fmmbiz.qpic.cn&app=2002&size=f9999,10000&q=a80&n=0&g=0n&fmt=jpeg?sec=1631775943&t=574ae18afae59d974ef9a7af598bd5f5"
节目嘉宾,2010年05月11日,三立都会台《型男大主厨》,,,https://i.ytimg.com/vi/BkMXR7FDp-0/hqdefault.jpg
节目嘉宾,2010年05月12日,东风卫视《王牌大明星》,,,"https://gimg2.baidu.com/image_search/src=http%3A%2F%2Fwww.panmei.net%2Fbbs%2Fdata%2Fattachment%2Fforum%2Fdvbbs%2F2009-1%2F20091110152527829.jpg&refer=http%3A%2F%2Fwww.panmei.net&app=2002&size=f9999,10000&q=a80&n=0&g=0n&fmt=jpeg?sec=1631775944&t=cc653bd21f437014ab56eb43cc492e93"
节目嘉宾,2010年05月13日,TVBS《TVBS哈新闻》,,,https://ss0.baidu.com/94o3dSag_xI4khGko9WTAnF6hhy/baike/s%3D220/sign=153bccade71190ef05fb95ddfe1b9df7/314e251f95cad1c83788e0677f3e6709c93d51ba.jpg
节目嘉宾,2010年05月22日,台视《百万大歌星》,,,"https://gimg2.baidu.com/image_search/src=http%3A%2F%2Fs6.sinaimg.cn%2Fbmiddle%2F5e6e6c16t740f6e3d5725%26690&refer=http%3A%2F%2Fs6.sinaimg.cn&app=2002&size=f9999,10000&q=a80&n=0&g=0n&fmt=jpeg?sec=1631775945&t=5af7701b5628edd1dd4bcb9410bf70c3"
广告代言,2011,《Nokia》,香港,代言人,"https://gimg2.baidu.com/image_search/src=http%3A%2F%2Fwww1.130629.com%3A55%2Fuploads%2Fimg2019%2F315%2F12%2F45kv3kvwcra19014060008.jpg&refer=http%3A%2F%2Fwww1.130629.com&app=2002&size=f9999,10000&q=a80&n=0&g=0n&fmt=jpeg?sec=1631775945&t=32069f9461a435a4b913b91dd91f3db1"
广告代言,2011,《Maybelline》,香港,代言人,"https://gimg2.baidu.com/image_search/src=http%3A%2F%2Fimage.meifajie.com%2Fgroup%2F2016-11%2F161109_175340_44229.jpg&refer=http%3A%2F%2Fimage.meifajie.com&app=2002&size=f9999,10000&q=a80&n=0&g=0n&fmt=jpeg?sec=1631775946&t=3b21ba242dc100a1f3a7856603fbab24"
节目嘉宾,2011年04月07日,亚洲电视《ATV2012感动香港人物推选》主持,,,"https://gimg2.baidu.com/image_search/src=http%3A%2F%2Fimg1.xilu.com%2F2014%2F0121%2Fb284c43078c1b754a75d570516309697.jpg&refer=http%3A%2F%2Fimg1.xilu.com&app=2002&size=f9999,10000&q=a80&n=0&g=0n&fmt=jpeg?sec=1631775946&t=2a849776b2b45d62e6f5f6ddb93c94d2"
节目嘉宾,2011年05月04日,《劲歌金曲》,,,"https://gimg2.baidu.com/image_search/src=http%3A%2F%2Fimage.zjg.js.cn%2Fupload%2Feditor%2F2014-1-21%2F20141211388104a5u91.jpg&refer=http%3A%2F%2Fimage.zjg.js.cn&app=2002&size=f9999,10000&q=a80&n=0&g=0n&fmt=jpeg?sec=1631775947&t=df929470536dd1f025c04194d6aa4d13"
节目嘉宾,2011年07月21日,《Music Café》,,,"https://gimg2.baidu.com/image_search/src=http%3A%2F%2Fimg.1ting.com%2Fimages%2Fspecial%2F220%2Fb6a67c65987209a02f146c14b8b3c975.jpg&refer=http%3A%2F%2Fimg.1ting.com&app=2002&size=f9999,10000&q=a80&n=0&g=0n&fmt=jpeg?sec=1631775947&t=27af68a8b51ef0e2ae6fb117d29e4ce0"
节目嘉宾,2011年08月10日,台视《百万小学堂》,,,https://lh3.googleusercontent.com/proxy/O3PTEr6HkKAPyi42a36loYcPtq795I7GcUOczGq5Svw_gkX8Jb64sRuLadHwkpj3KuUrrEJWtlG_2MfkeDJFE4ryw8TSZWh0zSsATywsrJY9QdHwAKsMLroNoHHq8EqIkV0LJA
广告代言,2012,《Maybelline》,香港,代言人,"https://gimg2.baidu.com/image_search/src=http%3A%2F%2Fpic.zdface.com%2Fupload%2F201521116456426.jpg&refer=http%3A%2F%2Fpic.zdface.com&app=2002&size=f9999,10000&q=a80&n=0&g=0n&fmt=jpeg?sec=1631775948&t=1cf1532403290c75c66db8b27e5e92e9"
广告代言,2012,《疯狂邻居》,台湾,代言人,"https://gimg2.baidu.com/image_search/src=http%3A%2F%2Finews.gtimg.com%2Fnewsapp_match%2F0%2F11405273578%2F0.jpg&refer=http%3A%2F%2Finews.gtimg.com&app=2002&size=f9999,10000&q=a80&n=0&g=0n&fmt=jpeg?sec=1631775949&t=1a80dd209a20301f31dec04a915dec75"
节目嘉宾,2012年03月01日,《佼个朋友吧》,,,"https://gimg2.baidu.com/image_search/src=http%3A%2F%2Fdingyue.nosdn.127.net%2FDwTErFnROHEgF2GN3gzzyEHl9Zi3Bmw9rmKVWQEDWDjrT1537589633856compressflag.jpg&refer=http%3A%2F%2Fdingyue.nosdn.127.net&app=2002&size=f9999,10000&q=a80&n=0&g=0n&fmt=jpeg?sec=1631775950&t=e0901038289c90ceebd08051c8635dd2"
节目嘉宾,2012年03月22日,《天气报告》亚洲电视 主播,,,"https://gimg2.baidu.com/image_search/src=http%3A%2F%2Fimg1.ahtv.cn%2Fmaterial%2Fnews%2Fimg%2F640x%2F2014%2F01%2F054e94f472dcba1e7314c876f0305b2b.jpg&refer=http%3A%2F%2Fimg1.ahtv.cn&app=2002&size=f9999,10000&q=a80&n=0&g=0n&fmt=jpeg?sec=1631775950&t=513d5a6291dcf1f2771d89e6711344c0"
节目嘉宾,2012年07月31日,《国光帮帮忙》,,,"https://gimg2.baidu.com/image_search/src=http%3A%2F%2Fvsd-picture.cdn.bcebos.com%2Ff7db0bf28620880c9215acf6372bffd055449514.jpg&refer=http%3A%2F%2Fvsd-picture.cdn.bcebos.com&app=2002&size=f9999,10000&q=a80&n=0&g=0n&fmt=jpeg?sec=1631775951&t=adbd9d297e7933404197e735f654551c"
节目嘉宾,2012年08月18日,华视《天才冲冲冲》,,,"https://gimg2.baidu.com/image_search/src=http%3A%2F%2Fupload.mnw.cn%2F2016%2F0427%2F1461722190434.jpg&refer=http%3A%2F%2Fupload.mnw.cn&app=2002&size=f9999,10000&q=a80&n=0&g=0n&fmt=jpeg?sec=1631775951&t=f3cc01ee692662fb2476b079eb02a2e7"
电影作品,2012年12月20日,无敌破坏王,云妮露·凡史威兹,,"https://gimg2.baidu.com/image_search/src=http%3A%2F%2Fi2.hdslb.com%2Fbfs%2Farchive%2F8c89ffd5feadc52575d77f133cc064d6b2bad05b.jpg&refer=http%3A%2F%2Fi2.hdslb.com&app=2002&size=f9999,10000&q=a80&n=0&g=0n&fmt=jpeg?sec=1631775952&t=b72d4e2dcd1f1ccbf8eaa40439d34c6d"
广告代言,2013,《Jolly Shandy》,香港,代言人,"https://gimg2.baidu.com/image_search/src=http%3A%2F%2Fphotocdn.sohu.com%2F20151022%2FImg423904633.jpg&refer=http%3A%2F%2Fphotocdn.sohu.com&app=2002&size=f9999,10000&q=a80&n=0&g=0n&fmt=jpeg?sec=1631775952&t=a5b962f2b368f7cbc7ec59e02ef05897"
广告代言,2013,《Topshop》,香港,代言人,"https://gimg2.baidu.com/image_search/src=http%3A%2F%2Fpic.chinasspp.com%2FNews%2Fpic%2F20136692655471.jpg&refer=http%3A%2F%2Fpic.chinasspp.com&app=2002&size=f9999,10000&q=a80&n=0&g=0n&fmt=jpeg?sec=1631775953&t=8522236c0ec5a99791a5576dfb91d03b"
广告代言,2013,《Maybelline》,香港,代言人,"https://gimg2.baidu.com/image_search/src=http%3A%2F%2Fimg.mingxing.com%2Fupload%2Fattach%2F2015%2F07-01%2F291410-ssDyTE.jpg&refer=http%3A%2F%2Fimg.mingxing.com&app=2002&size=f9999,10000&q=a80&n=0&g=0n&fmt=jpeg?sec=1631775954&t=070a33b34519bdbe87a8cfb4222fb237"
节目嘉宾,2013年08月31日,《劲歌金曲》,,,"https://gimg2.baidu.com/image_search/src=http%3A%2F%2Fi0.hdslb.com%2Fbfs%2Farchive%2F9771fed6490bad45e6386a049861adfdec0ece22.png&refer=http%3A%2F%2Fi0.hdslb.com&app=2002&size=f9999,10000&q=a80&n=0&g=0n&fmt=jpeg?sec=1631775954&t=6355ec1ba89d24efee3bffb75610b8e6"
节目嘉宾,2013年09月01日,《超级无敌奖门人终极篇》第15集,,,https://lh3.googleusercontent.com/proxy/6I21Ouz1sKkmSb7lcywEl2-brZfeog1shUJABJpEs7QketY5SUOb_iOyoYp4HY3pDvUq_GmQczCd3ppdy0LuGb-kQ8Tt3Nv17TJX4VU6E7YzJdp2Ns4slDEnlre7sWanPgkmjw
节目嘉宾,2013年11月30日,《劲歌金曲》,,,"https://gimg2.baidu.com/image_search/src=http%3A%2F%2Fp2.ssl.cdn.btime.com%2Ft01c86753ab27d84591.jpg&refer=http%3A%2F%2Fp2.ssl.cdn.btime.com&app=2002&size=f9999,10000&q=a80&n=0&g=0n&fmt=jpeg?sec=1631775955&t=79dfc8a145a23e6f3d82ee84f9f53bcc"
节目嘉宾,2013年12月15日,《6号访》,,,https://vdposter.bdstatic.com/abc687c9925852d4fe875d1d2ab6a645.jpeg
广告代言,2014,《德芙Dove》,中国,代言人,"https://gimg2.baidu.com/image_search/src=http%3A%2F%2Fimg1.gtimg.com%2Fent%2Fpics%2Fhv1%2F149%2F149%2F1578%2F102647594.jpg&refer=http%3A%2F%2Fimg1.gtimg.com&app=2002&size=f9999,10000&q=a80&n=0&g=0n&fmt=jpeg?sec=1631775956&t=a48f137e8cf6e2eb92809644a7340eb1"
广告代言,2014,《Maybelline》,中国   香港,代言人,"https://gimg2.baidu.com/image_search/src=http%3A%2F%2Fy3.ifengimg.com%2Fcmpp%2F2014%2F08%2F18%2F18%2F94022a93-fbc7-4f28-910b-41b121d4686c.jpg&refer=http%3A%2F%2Fy3.ifengimg.com&app=2002&size=f9999,10000&q=a80&n=0&g=0n&fmt=jpeg?sec=1631775957&t=10ff6da9baf6f11c181c128eb3e6c64b"
广告代言,2014,《以纯Yishion Y:2》,中国,代言人,"https://gimg2.baidu.com/image_search/src=http%3A%2F%2Fpic.chinasspp.com%2FNews%2Fu%2F693191%2Fimage%2F201602%2F04100432_8360_s_605x455.jpg&refer=http%3A%2F%2Fpic.chinasspp.com&app=2002&size=f9999,10000&q=a80&n=0&g=0n&fmt=jpeg?sec=1631775958&t=8afa11878e1bfadf1c63956340aa772a"
广告代言,2014,《环宇太空XCOR Aerospace（英语：XCOR Aerospace）》,亚洲,形像大使,"https://gimg2.baidu.com/image_search/src=http%3A%2F%2Fs7.rr.itc.cn%2Fg%2FwapChange%2F201410_1_8%2Fa6orab8520463438520.jpg&refer=http%3A%2F%2Fs7.rr.itc.cn&app=2002&size=f9999,10000&q=a80&n=0&g=0n&fmt=jpeg?sec=1631775959&t=8d1a38821d671e449042a46dbfc0a52f"
比赛,2014年01月03日,我是歌手 (第二季),湖南卫视,名次:5,"https://gimg2.baidu.com/image_search/src=http%3A%2F%2Fnewimg.mingxing.com%2Fupload%2Fpicture%2F2014%2F07-24%2Fo658rN.jpg&refer=http%3A%2F%2Fnewimg.mingxing.com&app=2002&size=f9999,10000&q=a80&n=0&g=0n&fmt=jpeg?sec=1631775959&t=3b409cc302b9bb4208f44329cf4f5c9c"
比赛,2014年01月10日,我是歌手 (第二季),湖南卫视,名次:2,"https://gimg2.baidu.com/image_search/src=http%3A%2F%2Fimg3.doubanio.com%2Flpic%2Fs27200357.jpg&refer=http%3A%2F%2Fimg3.doubanio.com&app=2002&size=f9999,10000&q=a80&n=0&g=0n&fmt=jpeg?sec=1631775960&t=04a3a3ec3c38cb5c9769ce4bf2762022"
比赛,2014年01月17日,我是歌手 (第二季),湖南卫视,名次:1,"https://gimg2.baidu.com/image_search/src=http%3A%2F%2Fimg3.cache.netease.com%2Fhouse%2F2014%2F1%2F10%2F201401100951007f46d.jpg&refer=http%3A%2F%2Fimg3.cache.netease.com&app=2002&size=f9999,10000&q=a80&n=0&g=0n&fmt=jpeg?sec=1631775961&t=78582b95a521cd6a7d208f4ef4cea260"
比赛,2014年01月24日,我是歌手 (第二季),湖南卫视,名次:1,"https://gimg2.baidu.com/image_search/src=http%3A%2F%2Fimg3.doubanio.com%2Flpic%2Fs27200357.jpg&refer=http%3A%2F%2Fimg3.doubanio.com&app=2002&size=f9999,10000&q=a80&n=0&g=0n&fmt=jpeg?sec=1631783440&t=649d659816ed2b426f21f86527487b9b"
比赛,2014年01月31日,我是歌手 (第二季),湖南卫视,名次:2,"https://gimg2.baidu.com/image_search/src=http%3A%2F%2Fwww.people.com.cn%2Fmediafile%2Fpic%2F20140221%2F7%2F11989656350242217987.jpg&refer=http%3A%2F%2Fwww.people.com.cn&app=2002&size=f9999,10000&q=a80&n=0&g=0n&fmt=jpeg?sec=1631775962&t=e6ccc8f6d5d0375aa2853d2c36c42d53"
节目嘉宾,2014年02月01日,《一生一世合家欢》 湖南卫视 嘉宾,,,"https://gimg2.baidu.com/image_search/src=http%3A%2F%2Fmp1.iqiyipic.com%2Fimage%2F20180219%2F98%2Fe0%2Fppu_81189440102_pp_601_300_300.jpg&refer=http%3A%2F%2Fmp1.iqiyipic.com&app=2002&size=f9999,10000&q=a80&n=0&g=0n&fmt=jpeg?sec=1631775962&t=e80b84a48315523ac604178cbb20f90f"
节目嘉宾,2014年02月13日,《百变大咖秀》 湖南卫视 嘉宾,,,"https://gimg2.baidu.com/image_search/src=http%3A%2F%2Finews.gtimg.com%2Fnewsapp_bt%2F0%2F13253974410%2F1000.jpg&refer=http%3A%2F%2Finews.gtimg.com&app=2002&size=f9999,10000&q=a80&n=0&g=0n&fmt=jpeg?sec=1631775963&t=427295cf0ed476773a52fbcafd653346"
节目嘉宾,2014年02月15日,《快乐大本营》 湖南卫视 嘉宾,,,"https://gimg2.baidu.com/image_search/src=http%3A%2F%2Fimg1.ahtv.cn%2Fmaterial%2Fnews%2Fimg%2F640x%2F2014%2F02%2F38cfad78a51680a56d3d803b222fa479.jpg&refer=http%3A%2F%2Fimg1.ahtv.cn&app=2002&size=f9999,10000&q=a80&n=0&g=0n&fmt=jpeg?sec=1631775964&t=a0c10305a2b9e6bf32d67011a410ea42"
比赛,2014年02月17日,我是歌手 (第二季),湖南卫视,名次:1,"https://gimg2.baidu.com/image_search/src=http%3A%2F%2Fwww.hd-mv.com%2Fwp-content%2Fuploads%2F2018%2F05%2Fruguo.jpg&refer=http%3A%2F%2Fwww.hd-mv.com&app=2002&size=f9999,10000&q=a80&n=0&g=0n&fmt=jpeg?sec=1631775964&t=96e0afcb3675dd7ab2ab5acb385e11e3"
比赛,2014年02月21日,我是歌手 (第二季),湖南卫视,名次:4,"https://gimg2.baidu.com/image_search/src=http%3A%2F%2Fb-ssl.duitang.com%2Fuploads%2Fitem%2F201401%2F26%2F20140126131359_2h8wj.thumb.700_0.jpeg&refer=http%3A%2F%2Fb-ssl.duitang.com&app=2002&size=f9999,10000&q=a80&n=0&g=0n&fmt=jpeg?sec=1631775965&t=aeef381be4125942ec18c8eed9e270da"
比赛,2014年02月28日,我是歌手 (第二季),湖南卫视,名次:5,"https://gimg2.baidu.com/image_search/src=http%3A%2F%2Fnimg.ws.126.net%2F%3Furl%3Dhttp%253A%252F%252Fdingyue.ws.126.net%252F2021%252F0415%252Fda4f63aej00qrl3j4000zc000ht00b5m.jpg%26thumbnail%3D650x2147483647%26quality%3D80%26type%3Djpg&refer=http%3A%2F%2Fnimg.ws.126.net&app=2002&size=f9999,10000&q=a80&n=0&g=0n&fmt=jpeg?sec=1631775966&t=20b9f9e66e0ee56ce8f02923f015b145"
比赛,2014年03月07日,我是歌手 (第二季),湖南卫视,名次:2,"https://gimg2.baidu.com/image_search/src=http%3A%2F%2Fvsd-picture.cdn.bcebos.com%2F3e94868b1c352a65c9202411add7077587599f6c.jpg&refer=http%3A%2F%2Fvsd-picture.cdn.bcebos.com&app=2002&size=f9999,10000&q=a80&n=0&g=0n&fmt=jpeg?sec=1631775966&t=3e892a0bdbffb4ac51486ff0ab832560"
比赛,2014年03月14日,我是歌手 (第二季),湖南卫视,名次:1,https://ss3.baidu.com/9fo3dSag_xI4khGko9WTAnF6hhy/zhidao/pic/item/4a36acaf2edda3cc2e5296770ae93901213f9236.jpg
比赛,2014年03月28日,我是歌手 (第二季),湖南卫视,名次:2,"https://gimg2.baidu.com/image_search/src=http%3A%2F%2Fcdnmusic.migu.cn%2Fpicture%2F2017%2F1108%2F1958%2FAM1404042252333726.jpg&refer=http%3A%2F%2Fcdnmusic.migu.cn&app=2002&size=f9999,10000&q=a80&n=0&g=0n&fmt=jpeg?sec=1631775967&t=f3b7877366a010e376a6b81f38e55fb1"
比赛,2014年04月04日,我是歌手 (第二季),湖南卫视,总亚军歌后,"https://gimg2.baidu.com/image_search/src=http%3A%2F%2Fdingyue.ws.126.net%2FpbUWDB4yeHDqigfrvbjBPNLXmzKTAqL4Zlm1ap2qRi24b1584869302054.jpeg&refer=http%3A%2F%2Fdingyue.ws.126.net&app=2002&size=f9999,10000&q=a80&n=0&g=0n&fmt=jpeg?sec=1631775968&t=9658a27901c3ad727836c665697e6df0"
比赛,2014年04月11日,我是歌手 (第二季),湖南卫视,双年巅峰会,"https://gimg2.baidu.com/image_search/src=http%3A%2F%2Fu0.qiyipic.com%2Fimage%2F20140418%2Fe2%2F82%2Ffd%2Fuv_565519777_m_601_m0_180_101.jpg&refer=http%3A%2F%2Fu0.qiyipic.com&app=2002&size=f9999,10000&q=a80&n=0&g=0n&fmt=jpeg?sec=1631775969&t=73856ce846b8ea29d948b4043bb53b3d"
节目嘉宾,2014年04月26日,《非常静距离》 安微卫视,,,"https://gimg2.baidu.com/image_search/src=http%3A%2F%2Fu3.iqiyipic.com%2Fimage%2F20210331%2F96%2Fa9%2Fpv_1016043317531800_d_601_720_405.jpg&refer=http%3A%2F%2Fu3.iqiyipic.com&app=2002&size=f9999,10000&q=a80&n=0&g=0n&fmt=jpeg?sec=1631775969&t=739c7810622b917f642fae390368eb16"
节目嘉宾,2014年04月30日,《大牌驾到》 腾讯视频,,,"https://gimg2.baidu.com/image_search/src=http%3A%2F%2Fvpic.video.qq.com%2F76930012%2Fh0361cslh4l_ori_3.jpg&refer=http%3A%2F%2Fvpic.video.qq.com&app=2002&size=f9999,10000&q=a80&n=0&g=0n&fmt=jpeg?sec=1631775970&t=e83268618922b465446a03b856491423"
节目嘉宾,2014年06月15日,《懂小姐》 湖南卫视 客串出演,,,"https://gimg2.baidu.com/image_search/src=http%3A%2F%2Fweifang.dzwww.com%2Fyl%2F201403%2FW020140327259151227829.jpg&refer=http%3A%2F%2Fweifang.dzwww.com&app=2002&size=f9999,10000&q=a80&n=0&g=0n&fmt=jpeg?sec=1631775970&t=651e4cf9e6824be7b8dd02c160b0b283"
节目嘉宾,2014年07月17日,《中国喜剧力量》 辽宁卫视 嘉宾,,,"https://gimg2.baidu.com/image_search/src=http%3A%2F%2Fimg1.cache.netease.com%2Fcatchpic%2F0%2F08%2F08491A15AF3D44F3B06606510CC707C3.jpg&refer=http%3A%2F%2Fimg1.cache.netease.com&app=2002&size=f9999,10000&q=a80&n=0&g=0n&fmt=jpeg?sec=1631775971&t=35903bfcc328842a081595d9faf649fc"
节目嘉宾,2014年09月20日,《开讲啦》中国中央电视台 嘉宾,,,"https://gimg2.baidu.com/image_search/src=http%3A%2F%2Fimg3.yxlady.com%2Fyl%2FUploadFiles_5361%2F20160923%2F20160923210724797.jpg&refer=http%3A%2F%2Fimg3.yxlady.com&app=2002&size=f9999,10000&q=a80&n=0&g=0n&fmt=jpeg?sec=1631775971&t=e616191446340874b603c984a000bf84"
节目嘉宾,2014年12月31日,《2015跨年演唱会》湖南卫视 嘉宾,,,"https://gimg2.baidu.com/image_search/src=http%3A%2F%2Fm.iqiyipic.com%2Fu9%2Fimage%2F20190103%2F5a%2F7f%2Fuv_31285219409_d_601_480_270.jpg&refer=http%3A%2F%2Fm.iqiyipic.com&app=2002&size=f9999,10000&q=a80&n=0&g=0n&fmt=jpeg?sec=1631775972&t=60c8e018da3cfe1220176b5c48eec245"
广告代言,2015,《豪雅表TAG Heuer》,全球,形像大使,"https://gimg2.baidu.com/image_search/src=http%3A%2F%2Fimg.iwatch365.com%2Fuploadfile%2F2015%2F0908%2F20150908064717800.jpg_760y760.jpg&refer=http%3A%2F%2Fimg.iwatch365.com&app=2002&size=f9999,10000&q=a80&n=0&g=0n&fmt=jpeg?sec=1631775972&t=b71f4c9784319ff9079705c31fb4639e"
广告代言,2015,《Maybelline》,中国   香港,代言人,"https://gimg2.baidu.com/image_search/src=http%3A%2F%2Fb-ssl.duitang.com%2Fuploads%2Fitem%2F201506%2F24%2F20150624123427_WQBtm.thumb.700_0.jpeg&refer=http%3A%2F%2Fb-ssl.duitang.com&app=2002&size=f9999,10000&q=a80&n=0&g=0n&fmt=jpeg?sec=1631775973&t=d879ca54910d145d05f422052a238cfd"
广告代言,2015,《以纯Yishion Y:2》,中国,代言人,"https://gimg2.baidu.com/image_search/src=http%3A%2F%2Fpic.chinasspp.com%2FNews%2Fu%2F672043%2Fimage%2F201503%2F27110513_7887_s_170x.jpg&refer=http%3A%2F%2Fpic.chinasspp.com&app=2002&size=f9999,10000&q=a80&n=0&g=0n&fmt=jpeg?sec=1631775973&t=7e74db1abccc7577904ec4b219c1ede5"
广告代言,2015,《预防子宫颈癌疫苗》,香港,代言人,"https://gimg2.baidu.com/image_search/src=http%3A%2F%2Fs9.rr.itc.cn%2Fr%2FwapChange%2F20167_25_0%2Fa5pdfk4613597548352.jpg&refer=http%3A%2F%2Fs9.rr.itc.cn&app=2002&size=f9999,10000&q=a80&n=0&g=0n&fmt=jpeg?sec=1631775974&t=1307a5bc172d2587185e87037b80111f"
节目嘉宾,2015年01月02日,《天天向上》 湖南卫视 嘉宾,,,"https://gimg2.baidu.com/image_search/src=http%3A%2F%2Fimg.hkwb.net%2Fatt%2Fsite2%2F20160302%2Fdec3abc347df791135ef734d7ad13a08.jpg&refer=http%3A%2F%2Fimg.hkwb.net&app=2002&size=f9999,10000&q=a80&n=0&g=0n&fmt=jpeg?sec=1631775974&t=522d734f8c6b50b0abf9669929bce0cc"
节目嘉宾,2015年02月18日,《2015年中国中央电视台春节联欢晚会》 中国中央电视台 演唱嘉宾,,,"https://gimg2.baidu.com/image_search/src=http%3A%2F%2Fi2.hdslb.com%2Fbfs%2Farchive%2F8e5c241448bcc853b68abaf9eafdc0328d6ea20e.jpg&refer=http%3A%2F%2Fi2.hdslb.com&app=2002&size=f9999,10000&q=a80&n=0&g=0n&fmt=jpeg?sec=1631775975&t=c7e0b288fc63f67663cc1b0e232582d6"
节目嘉宾,2015年03月23日,《康熙来了》中天电视台 嘉宾,,,"https://gimg2.baidu.com/image_search/src=http%3A%2F%2Fpic.dbw.cn%2F0%2F07%2F63%2F65%2F7636583_912129.jpg&refer=http%3A%2F%2Fpic.dbw.cn&app=2002&size=f9999,10000&q=a80&n=0&g=0n&fmt=jpeg?sec=1631775976&t=b94a71d1e3d174f90402e642c5750eb7"
节目嘉宾,2015年05月02日,《全球中文音乐榜上榜》TVBS电视台 特别来宾,,,"https://gimg2.baidu.com/image_search/src=http%3A%2F%2Fimage.qtv.com.cn%2F0%2F12%2F67%2F76%2F12677678_726264.jpg&refer=http%3A%2F%2Fimage.qtv.com.cn&app=2002&size=f9999,10000&q=a80&n=0&g=0n&fmt=jpeg?sec=1631775976&t=be78e8670cb0bd2b73a0bc71c3a955c3"
节目嘉宾,2015年05月09日,《全球中文音乐榜上榜》TVBS电视台 特别来宾,,,"https://gimg2.baidu.com/image_search/src=http%3A%2F%2Fimage.uczzd.cn%2F7906067310026036110.jpg%3Fid%3D0&refer=http%3A%2F%2Fimage.uczzd.cn&app=2002&size=f9999,10000&q=a80&n=0&g=0n&fmt=jpeg?sec=1631775977&t=ec3242a77f752ca8a55e7d08fa123ded"
节目嘉宾,2015年05月16日,《全球中文音乐榜上榜》TVBS电视台 特别来宾,,,https://gss0.baidu.com/70cFfyinKgQFm2e88IuM_a/forum/w=580/sign=aa2d07a8830a19d8cb03840d03fb82c9/a38c9f389b504fc2b3f0ee1ce6dde71191ef6d9a.jpg
比赛,2015年07月10日,极速前进中国版2,深圳卫视,和张芸京搭档,"https://gimg2.baidu.com/image_search/src=http%3A%2F%2Fimgcache.fansyes.com%2Fcnews%2F20150805%2F201508051045524274739.jpg&refer=http%3A%2F%2Fimgcache.fansyes.com&app=2002&size=f9999,10000&q=a80&n=0&g=0n&fmt=jpeg?sec=1631775978&t=4d2f67527427fa91a50f67d84d070118"
比赛,2015年07月17日,极速前进中国版2,深圳卫视,和张芸京搭档,"https://gimg2.baidu.com/image_search/src=http%3A%2F%2Fimg4.duitang.com%2Fuploads%2Fitem%2F201508%2F21%2F20150821094718_wErCB.jpeg&refer=http%3A%2F%2Fimg4.duitang.com&app=2002&size=f9999,10000&q=a80&n=0&g=0n&fmt=jpeg?sec=1631775978&t=4e0620b4b869ade8f6589d91587c9590"
比赛,2015年07月24日,极速前进中国版2,深圳卫视,和张芸京搭档,"https://gimg2.baidu.com/image_search/src=http%3A%2F%2Fb-ssl.duitang.com%2Fuploads%2Fitem%2F201509%2F07%2F20150907115335_MUd5v.jpeg&refer=http%3A%2F%2Fb-ssl.duitang.com&app=2002&size=f9999,10000&q=a80&n=0&g=0n&fmt=jpeg?sec=1631775979&t=ab25c2dc0f2e81d1fafbbd3fa302c5b1"
比赛,2015年07月31日,极速前进中国版2,深圳卫视,和张芸京搭档,"https://gimg2.baidu.com/image_search/src=http%3A%2F%2Fb-ssl.duitang.com%2Fuploads%2Fitem%2F201507%2F10%2F20150710225836_WaziZ.jpeg&refer=http%3A%2F%2Fb-ssl.duitang.com&app=2002&size=f9999,10000&q=a80&n=0&g=0n&fmt=jpeg?sec=1631775979&t=4ba6a8b522e3524e1fd91d1907f08321"
比赛,2015年08月07日,极速前进中国版2,深圳卫视,和张芸京搭档,"https://gimg2.baidu.com/image_search/src=http%3A%2F%2Fimg3.yxlady.com%2Fyl%2FUploadFiles_5361%2F20160615%2F20160615222621615.jpg&refer=http%3A%2F%2Fimg3.yxlady.com&app=2002&size=f9999,10000&q=a80&n=0&g=0n&fmt=jpeg?sec=1631775980&t=e4092601d127d47bc8c33d77d0ddaaf5"
比赛,2015年08月14日,极速前进中国版2,深圳卫视,和张芸京搭档,"https://gimg2.baidu.com/image_search/src=http%3A%2F%2Fphotocdn.sohu.com%2F20150628%2FImg415774316.jpg&refer=http%3A%2F%2Fphotocdn.sohu.com&app=2002&size=f9999,10000&q=a80&n=0&g=0n&fmt=jpeg?sec=1631775980&t=b6d14b18a4b17e4c72bbfc04c6dea8cb"
节目嘉宾,2015年08月21日,《中国好声音第四季》浙江卫视 汪峰战队 梦想导师,,,"https://gimg2.baidu.com/image_search/src=http%3A%2F%2Fimg2.askci.com%2Fimages%2Fent%2F2015%2F8%2F22%2F6edd84bb-c50a-4285-aa9f-dec0afedefd4-680.jpg&refer=http%3A%2F%2Fimg2.askci.com&app=2002&size=f9999,10000&q=a80&n=0&g=0n&fmt=jpeg?sec=1631775981&t=e1ba154f2d0dd9017a76fa169f2647bd"
节目嘉宾,2015年10月02日,《中国梦想秀》特别节目-北京2015芭莎明星慈善夜 浙江卫视 邓超组 慈善募款嘉宾,,,"https://gimg2.baidu.com/image_search/src=http%3A%2F%2Fwww.sinaimg.cn%2Fdy%2Fslidenews%2F4_img%2F2015_08%2F704_1561899_226657.jpg&refer=http%3A%2F%2Fwww.sinaimg.cn&app=2002&size=f9999,10000&q=a80&n=0&g=0n&fmt=jpeg?sec=1631775981&t=0db04d08afbea2f0c31611338d00f417"
节目嘉宾,2015年11月07日,《全球中文音乐榜上榜》TVBS电视台 特别来宾,,,"https://gimg2.baidu.com/image_search/src=http%3A%2F%2Fimage.qtv.com.cn%2F0%2F12%2F67%2F76%2F12677678_726264.jpg&refer=http%3A%2F%2Fimage.qtv.com.cn&app=2002&size=f9999,10000&q=a80&n=0&g=0n&fmt=jpeg?sec=1631783461&t=279d6c3d03b85bded4e1039785a5f80f"
节目嘉宾,2015年11月11日,《娱乐百分百》邓紫棋粉meeting（上）  八大电视 嘉宾,,,"https://gimg2.baidu.com/image_search/src=http%3A%2F%2Fimg.ixinwei.com%2Fiww201805%2F123501.jpg&refer=http%3A%2F%2Fimg.ixinwei.com&app=2002&size=f9999,10000&q=a80&n=0&g=0n&fmt=jpeg?sec=1631775982&t=cb0840b38a61ebb4127064a0578eb00d"
节目嘉宾,2015年11月12日,《娱乐百分百》邓紫棋粉meeting（下）  八大电视 嘉宾,,,"https://gimg2.baidu.com/image_search/src=http%3A%2F%2Fp0.ifengimg.com%2Fa%2F2016_38%2Fc6537ae1df6ee16_size400_w1920_h1200.jpg&refer=http%3A%2F%2Fp0.ifengimg.com&app=2002&size=f9999,10000&q=a80&n=0&g=0n&fmt=jpeg?sec=1631775983&t=8e88088a08cc2d4b74788fa630a08b75"
节目嘉宾,2015年12月31日,《2016跨年演唱会》湖南卫视 嘉宾,,,"https://gimg2.baidu.com/image_search/src=http%3A%2F%2Fvsd-picture.cdn.bcebos.com%2F6092a20ded2895009a53f02f5b27552373f141f2.jpg&refer=http%3A%2F%2Fvsd-picture.cdn.bcebos.com&app=2002&size=f9999,10000&q=a80&n=0&g=0n&fmt=jpeg?sec=1631775983&t=332b63dbfc425204686abacc2a5df91f"
广告代言,2016,《豪雅表TAG Heuer》,全球,形像大使,"https://gimg2.baidu.com/image_search/src=http%3A%2F%2F75197.chinawatchnet.com%2Fupload%2FNews%2F201504%2F14%2F2015041409092747290.jpg&refer=http%3A%2F%2F75197.chinawatchnet.com&app=2002&size=f9999,10000&q=a80&n=0&g=0n&fmt=jpeg?sec=1631775984&t=3cde183729470a53c305d1098cb80c26"
广告代言,2016,《Maybelline》,中国   香港,代言人,"https://gimg2.baidu.com/image_search/src=http%3A%2F%2Fpic.chinasspp.com%2FNews%2FImg%2F20140522%2F14007213856951673.jpg&refer=http%3A%2F%2Fpic.chinasspp.com&app=2002&size=f9999,10000&q=a80&n=0&g=0n&fmt=jpeg?sec=1631775985&t=99aab7ba34a6426e07fd84f6428616b1"
广告代言,2016,《以纯Yishion Y:2》,中国,代言人,"https://gimg2.baidu.com/image_search/src=http%3A%2F%2Fpic.chinasspp.com%2FNews%2Fu%2F672043%2Fimage%2F201512%2F11100448_4803.jpg&refer=http%3A%2F%2Fpic.chinasspp.com&app=2002&size=f9999,10000&q=a80&n=0&g=0n&fmt=jpeg?sec=1631775985&t=dbc421ef3fd222a28169726175a9dd95"
广告代言,2016,《预防子宫颈癌疫苗》,香港,代言人,"https://gimg2.baidu.com/image_search/src=http%3A%2F%2F5b0988e595225.cdn.sohucs.com%2Fimages%2F20171120%2Fd99681008b5c49a684d7c7d086d9bcae.jpeg&refer=http%3A%2F%2F5b0988e595225.cdn.sohucs.com&app=2002&size=f9999,10000&q=a80&n=0&g=0n&fmt=jpeg?sec=1631775986&t=1e6f5f59753f4a648555da22c15dd3dc"
广告代言,2016,《Calvin Klein》,不适用,2016年秋季模特儿,"https://gimg2.baidu.com/image_search/src=http%3A%2F%2Fqiniuimg.qingmang.mobi%2Fimage%2Forion%2Fd9210e81997163912d127ee825e32f4b_1000_1400.jpeg&refer=http%3A%2F%2Fqiniuimg.qingmang.mobi&app=2002&size=f9999,10000&q=a80&n=0&g=0n&fmt=jpeg?sec=1631775986&t=52b4af495d77b4947691d3da134da4be"
节目嘉宾,2016年02月08日,《2016年上海东方卫视春节联欢晚会》 东方卫视 演唱嘉宾,,,"https://gimg2.baidu.com/image_search/src=http%3A%2F%2Fimg.idol001.com%2Fmiddle%2F2016%2F01%2F27%2F6f9c17d6a942f7dd4ba9d5007796e6ae1453881197.jpg&refer=http%3A%2F%2Fimg.idol001.com&app=2002&size=f9999,10000&q=a80&n=0&g=0n&fmt=jpeg?sec=1631775987&t=3022c3f13a25a6bb37a5c368fb03cee3"
节目嘉宾,2016年03月04日,《天天向上》 湖南卫视 嘉宾,,,"https://gimg2.baidu.com/image_search/src=http%3A%2F%2Fimg.hkwb.net%2Fatt%2Fsite2%2F20160302%2Fc46b4774e15c9cfe0fb4c0544c51c82d.jpg&refer=http%3A%2F%2Fimg.hkwb.net&app=2002&size=f9999,10000&q=a80&n=0&g=0n&fmt=jpeg?sec=1631775987&t=34cf1c22e89a082560253feec1490c57"
节目嘉宾,2016年06月05日,《透鲜滴星期天》 湖南卫视 嘉宾,,,"https://gimg2.baidu.com/image_search/src=http%3A%2F%2Fb-ssl.duitang.com%2Fuploads%2Fitem%2F201605%2F07%2F20160507120009_GV8zU.jpeg&refer=http%3A%2F%2Fb-ssl.duitang.com&app=2002&size=f9999,10000&q=a80&n=0&g=0n&fmt=jpeg?sec=1631775988&t=b80ba029ce77335c4cf9c725bcb60e21"
比赛,2016年07月03日,《盖世英雄》,江苏卫视,"加盟PSY战队  展开表演曲目
喜欢你","https://gimg2.baidu.com/image_search/src=http%3A%2F%2Fwww.ktvxg.com%2FVideoPic%2FDVDc%2F20160716%2F1008653.jpg&refer=http%3A%2F%2Fwww.ktvxg.com&app=2002&size=f9999,10000&q=a80&n=0&g=0n&fmt=jpeg?sec=1631775989&t=bdac862412e9c10ba3bf3ca851f6c806"
比赛,2016年07月10日,《盖世英雄》,江苏卫视,"展开表演曲目
红蔷薇白玫瑰[注 1]","https://gimg2.baidu.com/image_search/src=http%3A%2F%2Fd.ifengimg.com%2Fw128%2Fp0.ifengimg.com%2Fa%2F2016_29%2F2ee50d5894a1d4d_size35_w434_h600.jpg&refer=http%3A%2F%2Fd.ifengimg.com&app=2002&size=f9999,10000&q=a80&n=0&g=0n&fmt=jpeg?sec=1631775989&t=8efe1e5cd98f4303a30d336ed931d9fa"
比赛,2016年07月17日,《盖世英雄》,江苏卫视,"展开表演曲目
夜空中最亮的星",https://ss0.baidu.com/94o3dSag_xI4khGko9WTAnF6hhy/baike/pic/item/4d086e061d950a7b123e7c7300d162d9f2d3c979.jpg
节目嘉宾,2016年08月06日,《熟悉的味道》 浙江卫视 嘉宾,,,"https://gimg2.baidu.com/image_search/src=http%3A%2F%2Fshp.qpic.cn%2Fqqvideo_ori%2F0%2Fb3030ucof8y_496_280%2F0&refer=http%3A%2F%2Fshp.qpic.cn&app=2002&size=f9999,10000&q=a80&n=0&g=0n&fmt=jpeg?sec=1631775990&t=0d4868f1fb82b0277dc54f726e89a551"
节目嘉宾,2016年09月16日,《天天向上》 湖南卫视 嘉宾,,,"https://gimg2.baidu.com/image_search/src=http%3A%2F%2Fy3.ifengimg.com%2Fcmpp%2F2014%2F12%2F12%2F10%2F90379eca-6ec0-42f1-a237-0f14441b118e.jpg&refer=http%3A%2F%2Fy3.ifengimg.com&app=2002&size=f9999,10000&q=a80&n=0&g=0n&fmt=jpeg?sec=1631775991&t=62f5efe963f04c32adda500a44fee33a"
节目嘉宾,2016年10月26日,《娱乐百分百》 八大电视 嘉宾,,,"https://gimg2.baidu.com/image_search/src=http%3A%2F%2Fn.sinaimg.cn%2Fent%2Ftransform%2F20161028%2FYwDT-fxxhmcp4037791.JPG&refer=http%3A%2F%2Fn.sinaimg.cn&app=2002&size=f9999,10000&q=a80&n=0&g=0n&fmt=jpeg?sec=1631775991&t=91504bd9a3cb21910f195fb6eb7fcc3a"
节目嘉宾,2016年10月28日,《偶像就该酱婶》优酷网 嘉宾,,,"https://gimg2.baidu.com/image_search/src=http%3A%2F%2Fwww.99mingxing.com%2Fuploads%2Fallimg%2F170528%2F0TQ14U1-1.jpg&refer=http%3A%2F%2Fwww.99mingxing.com&app=2002&size=f9999,10000&q=a80&n=0&g=0n&fmt=jpeg?sec=1631775992&t=a57eeabae7058157408a5368e45591ac"
节目嘉宾,2016年10月29日,《今夜百乐门》东方卫视 嘉宾,,,"https://gimg2.baidu.com/image_search/src=http%3A%2F%2Fwww.jiankang4.com%2FImages%2FArticles%2F2016-11-01%2F3147239174.jpg&refer=http%3A%2F%2Fwww.jiankang4.com&app=2002&size=f9999,10000&q=a80&n=0&g=0n&fmt=jpeg?sec=1631775992&t=c1dd7dfa2e324eebe7991094361193cc"
节目嘉宾,2016年11月01日,《娱乐百分百》 八大电视 嘉宾,,,"https://gimg2.baidu.com/image_search/src=http%3A%2F%2Fimgcache.cjmx.com%2Fstar%2F201606%2F20160630141717797.jpg&refer=http%3A%2F%2Fimgcache.cjmx.com&app=2002&size=f9999,10000&q=a80&n=0&g=0n&fmt=jpeg?sec=1631775993&t=d87e935bca715c5b0617a6529bf0f8b4"
节目嘉宾,2016年11月07日,《娱乐百分百》 八大电视 嘉宾,,,"https://gimg2.baidu.com/image_search/src=http%3A%2F%2Fv.img.pplive.cn%2Fe2%2Fa2%2Fe2a2dfd0cabf01704d7326f67190d042%2F1549791889011.jpg&refer=http%3A%2F%2Fv.img.pplive.cn&app=2002&size=f9999,10000&q=a80&n=0&g=0n&fmt=jpeg?sec=1631775993&t=97b4de675e65936245b5e95a79f789cb"
节目嘉宾,2016年11月10日,《天猫双11狂欢夜》 浙江卫视 嘉宾,,,"https://gimg2.baidu.com/image_search/src=http%3A%2F%2Fpic.ruiwen.com%2Fallimg%2F161110%2F0R515F39-12.jpg&refer=http%3A%2F%2Fpic.ruiwen.com&app=2002&size=f9999,10000&q=a80&n=0&g=0n&fmt=jpeg?sec=1631775994&t=fdfb1e6617b819bb1d4bf5ed5fabf7d8"
节目嘉宾,2016年11月27日,《头号惊喜》 湖南卫视 嘉宾,,,"https://gimg2.baidu.com/image_search/src=http%3A%2F%2Fimg3.qianzhan.com%2Fnews%2F201507%2F26%2F20150726-a3670be174dc07aa_600x5000.jpg&refer=http%3A%2F%2Fimg3.qianzhan.com&app=2002&size=f9999,10000&q=a80&n=0&g=0n&fmt=jpeg?sec=1631775994&t=5ae8af63ddc4e9262c80b658d09464a2"
广告代言,2017,《部落冲突：皇室战争》,不适用,代言人,"https://gimg2.baidu.com/image_search/src=http%3A%2F%2Fi-4.yxdown.com%2F2017%2F1%2F19%2FKDYwMHgp%2Fff9e4fb5-e696-4ab8-999c-b677fb2f2c57.jpg&refer=http%3A%2F%2Fi-4.yxdown.com&app=2002&size=f9999,10000&q=a80&n=0&g=0n&fmt=jpeg?sec=1631775995&t=cb65c7f695e2c79314a93e22e68e997a"
广告代言,2017,《穿越火线》(腾讯),中国,代言人,"https://gimg2.baidu.com/image_search/src=http%3A%2F%2Fcdn.uedna.com%2F201804%2F152420283075_1140x0.jpg&refer=http%3A%2F%2Fcdn.uedna.com&app=2002&size=f9999,10000&q=a80&n=0&g=0n&fmt=jpeg?sec=1631775996&t=6e5547ac97ccc40cd2c422e1e3ac2b6d"
电影作品,2017年01月06日,一路逆风,自己,,"https://gimg2.baidu.com/image_search/src=http%3A%2F%2Fb-ssl.duitang.com%2Fuploads%2Fitem%2F201511%2F21%2F20151121100802_JBuVe.jpeg&refer=http%3A%2F%2Fb-ssl.duitang.com&app=2002&size=f9999,10000&q=a80&n=0&g=0n&fmt=jpeg?sec=1631775996&t=d8b89d99fc52d6051f3e40368b51fe6d"
节目嘉宾,2017年01月27日,《2017年中国中央电视台春节联欢晚会》 中国中央电视台 演唱嘉宾,,,"https://gimg2.baidu.com/image_search/src=http%3A%2F%2Fimg.southyule.com%2Fd%2Ffile%2FTV%2F2%2F2020-12-21%2F49ef7c094a80e46a9f8b23564a6500fd.jpg&refer=http%3A%2F%2Fimg.southyule.com&app=2002&size=f9999,10000&q=a80&n=0&g=0n&fmt=jpeg?sec=1631775997&t=5596cad575a8dba358b2ca8ed61bf883"
节目嘉宾,2017年06月07日,《金星秀》东方卫视 嘉宾,,,"https://gimg2.baidu.com/image_search/src=http%3A%2F%2Finews.gtimg.com%2Fnewsapp_bt%2F0%2F5801604216%2F1000&refer=http%3A%2F%2Finews.gtimg.com&app=2002&size=f9999,10000&q=a80&n=0&g=0n&fmt=jpeg?sec=1631775997&t=761ce1f89c852ecf6cc9eecb4b52090a"
节目嘉宾,2017年06月24日,《我想和你唱2》湖南卫视 嘉宾,,,"https://gimg2.baidu.com/image_search/src=http%3A%2F%2Ffile.nxing.cn%2Fuploads%2Fuploads%2F2017%2F06%2F22%2F0000004%2F2017062208283512796dd93-size500x750.jpeg&refer=http%3A%2F%2Ffile.nxing.cn&app=2002&size=f9999,10000&q=a80&n=0&g=0n&fmt=jpeg?sec=1631775998&t=c7bbf51dfdd854f17ca0cdc4b2e4e512"
节目嘉宾,2017年07月28日,《年代秀》深圳卫视 嘉宾,,,"https://gimg2.baidu.com/image_search/src=http%3A%2F%2Fimg.mp.itc.cn%2Fupload%2F20170701%2Fc331491260ca44aca0f0f6c402409ea3_th.jpg&refer=http%3A%2F%2Fimg.mp.itc.cn&app=2002&size=f9999,10000&q=a80&n=0&g=0n&fmt=jpeg?sec=1631775998&t=a039d64103fa837d5c47aed3a6b5b165"
节目嘉宾,2017年07月29日,《跨界喜剧王》北京卫视 嘉宾,,,"https://gimg2.baidu.com/image_search/src=http%3A%2F%2Fimg.jammyfm.com%2Fwordpress%2Fwp-content%2Fuploads%2F2017%2F07%2F201707301133559538-720x480.jpg%3Fx-oss-process%3Dimage%2Fresize%2Cw_720%2Ch_480%2Cm_fill&refer=http%3A%2F%2Fimg.jammyfm.com&app=2002&size=f9999,10000&q=a80&n=0&g=0n&fmt=jpeg?sec=1631775999&t=3f058368c3e8cd068c9eb9afcb09d511"
节目嘉宾,2017年07月30日,《流行经典50年》无线电视翡翠台 嘉宾,,,"https://gimg2.baidu.com/image_search/src=http%3A%2F%2Fcms-bucket.nosdn.127.net%2F51c5f862b52045449fd142c8c5a43ac420170610080110.png%3Fimageslim%257CimageView2%2F1%2Fw%2F280%2Fh%2F210%2Finterlace%2F1&refer=http%3A%2F%2Fcms-bucket.nosdn.127.net&app=2002&size=f9999,10000&q=a80&n=0&g=0n&fmt=jpeg?sec=1631775999&t=d9500339dd74b978c0aac971fd4c1dfc"
节目嘉宾,2017年08月03日,《围炉音乐会》四川卫视 嘉宾,,,"https://gimg2.baidu.com/image_search/src=http%3A%2F%2Fhbimg.b0.upaiyun.com%2F005a31284e9f6b7aeb271e3a55fa8e9d778ab10e6b558-Avi6z2_fw658&refer=http%3A%2F%2Fhbimg.b0.upaiyun.com&app=2002&size=f9999,10000&q=a80&n=0&g=0n&fmt=jpeg?sec=1631776000&t=592f8d6e38fe75d2da1fab66a0c42dd7"
节目嘉宾,2017年08月04日,《2017MTV全球华语音乐盛典》台湾MTV 播放,,,"https://gimg2.baidu.com/image_search/src=http%3A%2F%2Fn.sinaimg.cn%2Fsinacn18%2F80%2Fw690h990%2F20180616%2Fc4de-hcyszsa4913093.jpg&refer=http%3A%2F%2Fn.sinaimg.cn&app=2002&size=f9999,10000&q=a80&n=0&g=0n&fmt=jpeg?sec=1631776000&t=6114ed57ea6eb1c3a625693cac037355"
节目嘉宾,2017年08月05日,《跨界喜剧王》北京卫视 嘉宾,,,"https://gimg2.baidu.com/image_search/src=http%3A%2F%2Fn.sinaimg.cn%2Fsinacn15%2F531%2Fw852h479%2F20180905%2F1f6e-hitesuy6217986.png&refer=http%3A%2F%2Fn.sinaimg.cn&app=2002&size=f9999,10000&q=a80&n=0&g=0n&fmt=jpeg?sec=1631776002&t=52cae05c37ec5ab761af86dbe88a2577"
节目嘉宾,2017年11月12日,《美食无国界》台湾TLC旅游生活频道 嘉宾,,,"https://gimg2.baidu.com/image_search/src=http%3A%2F%2Fwww.travelrich.com%2Fdata%2F83081eef-6804-4ad5-988d-b4675ce9f583.jpg&refer=http%3A%2F%2Fwww.travelrich.com&app=2002&size=f9999,10000&q=a80&n=0&g=0n&fmt=jpeg?sec=1631776002&t=11381fde72005289e2a82de2621cb159"
执导作品,2018,那一夜,自己,个人音乐录影带  和邱柏昶共同执导  与Mark Ngai共同编剧,"https://gimg2.baidu.com/image_search/src=http%3A%2F%2Fimg.idol001.com%2Forigin%2F2018%2F11%2F09%2F96c05b9d7b7135ecccd9083c35c0d2541541747527_watermark.jpg&refer=http%3A%2F%2Fimg.idol001.com&app=2002&size=f9999,10000&q=a80&n=0&g=0n&fmt=jpeg?sec=1631776003&t=c3e8ac0cfd886056fc142d574a47f776"
节目嘉宾,2018年04月13日,《歌手2018》总决赛第一轮 湖南卫视 助演嘉宾,,,"https://gimg2.baidu.com/image_search/src=http%3A%2F%2Finews.gtimg.com%2Fnewsapp_match%2F0%2F10222518310%2F0.jpg&refer=http%3A%2F%2Finews.gtimg.com&app=2002&size=f9999,10000&q=a80&n=0&g=0n&fmt=jpeg?sec=1631776003&t=8f2e99d43e5d918710939de1dba97fe3"
电影作品,2018年04月20日,白马王子 (电影)（英语：Charming (film)）,睡公主,,"https://gimg2.baidu.com/image_search/src=http%3A%2F%2Fpic1.zhimg.com%2Fv2-e2eb5c0b41889f7375dda8b4e6feb284_b.jpg&refer=http%3A%2F%2Fpic1.zhimg.com&app=2002&size=f9999,10000&q=a80&n=0&g=0n&fmt=jpeg?sec=1631776004&t=03919c5a7af27bd3b1726bda0d660795"
节目嘉宾,2018年05月25日,嗨！唱起来第五期嘉宾,,,"https://gimg2.baidu.com/image_search/src=http%3A%2F%2F5b0988e595225.cdn.sohucs.com%2Fimages%2F20180528%2Fbb086880e4574262b97dd84c7c49037b.jpeg&refer=http%3A%2F%2F5b0988e595225.cdn.sohucs.com&app=2002&size=f9999,10000&q=a80&n=0&g=0n&fmt=jpeg?sec=1631776004&t=f94330ba4bb58304dca42f9cb81d980c"
固定综艺,2018年07月14日 －2018年10月06日,中国新说唱第一季,爱奇艺,制作人导师,"https://gimg2.baidu.com/image_search/src=http%3A%2F%2Fimg.alicdn.com%2Fimgextra%2Fi1%2F657604083%2FTB2d_hoi3ZC2uNjSZFnXXaxZpXa_%21%21657604083.jpg&refer=http%3A%2F%2Fimg.alicdn.com&app=2002&size=f9999,10000&q=a80&n=0&g=0n&fmt=jpeg?sec=1631776005&t=cac208bf89feeefd5667818484473053"
节目嘉宾,2018年08月17日,金曲捞之挑战主打歌 原唱歌手,,,"https://gimg2.baidu.com/image_search/src=http%3A%2F%2Fdingyue.nosdn.127.net%2FkvWWm0%3DfQNZ6cTiMdIiffrZ3Slm1iPFrEc5ZWZfpAztXG1538008136753.jpeg&refer=http%3A%2F%2Fdingyue.nosdn.127.net&app=2002&size=f9999,10000&q=a80&n=0&g=0n&fmt=jpeg?sec=1631776005&t=54d08aaa9a4c9cf39fb10aef967fd6e3"
固定综艺,2018年10月21日 －2019年01月06日,中国梦之声·下一站传奇,东方卫视,男生战队传奇创始人,"https://gimg2.baidu.com/image_search/src=http%3A%2F%2Fent.dzwww.com%2Fzy%2F201812%2FW020181229388493015835.jpg&refer=http%3A%2F%2Fent.dzwww.com&app=2002&size=f9999,10000&q=a80&n=0&g=0n&fmt=jpeg?sec=1631776006&t=b4e286fefef9e680b200206cdfe658a5"
节目嘉宾,2018年11月03日,美女厨房 第16集 无线电视翡翠台 嘉宾,,,"https://gimg2.baidu.com/image_search/src=http%3A%2F%2Fn.sinaimg.cn%2Fsinacn14%2F489%2Fw794h495%2F20181104%2F4d9d-hnknmqw7521985.png&refer=http%3A%2F%2Fn.sinaimg.cn&app=2002&size=f9999,10000&q=a80&n=0&g=0n&fmt=jpeg?sec=1631776006&t=6739502cb80d4fbe02e363c00ed217f0"
广告代言,2019,《百事可乐》,中国,代言人,"https://gimg2.baidu.com/image_search/src=http%3A%2F%2Fimg1.doubanio.com%2Fview%2Fgroup_topic%2Fl%2Fpublic%2Fp414863699.jpg&refer=http%3A%2F%2Fimg1.doubanio.com&app=2002&size=f9999,10000&q=a80&n=0&g=0n&fmt=jpeg?sec=1631776028&t=7146fbdf9a2367dc6098347e12976c77"
广告代言,2019,《Circle DNA》,香港 中国,代言人,"https://gimg2.baidu.com/image_search/src=http%3A%2F%2Fs3-us-west-2.amazonaws.com%2Fsteemhunt%2Fproduction%2Fsteemhunt%2F2019-10-29%2F02651e9e-IMG_20191029_044911.jpg&refer=http%3A%2F%2Fs3-us-west-2.amazonaws.com&app=2002&size=f9999,10000&q=a80&n=0&g=0n&fmt=jpeg?sec=1631776029&t=e4ed4f703461ed8c896f9514c60cc676"
广告代言,2019,《多芬》,中国,代言人,"https://gimg2.baidu.com/image_search/src=http%3A%2F%2F5b0988e595225.cdn.sohucs.com%2Fimages%2F20190909%2Fe5f577263e52413fbe2cbe064ba3794e.jpeg&refer=http%3A%2F%2F5b0988e595225.cdn.sohucs.com&app=2002&size=f9999,10000&q=a80&n=0&g=0n&fmt=jpeg?sec=1631776030&t=a0cc7c214b49030a3473180064269a2e"
广告代言,2019,《小鱼亲测》,中国,首席测评官,"https://gimg2.baidu.com/image_search/src=http%3A%2F%2F5b0988e595225.cdn.sohucs.com%2Fq_70%2Cc_zoom%2Cw_640%2Fimages%2F20191022%2F8d410bccb0444fe59a55e5cec1f92d7d.JPG&refer=http%3A%2F%2F5b0988e595225.cdn.sohucs.com&app=2002&size=f9999,10000&q=a80&n=0&g=0n&fmt=jpeg?sec=1631776030&t=e2fd83887eae95c99eaace313861a042"
固定综艺,2019年06月14日 －2019年08月30日,中国新说唱第二季,爱奇艺,制作人导师,"https://gimg2.baidu.com/image_search/src=http%3A%2F%2Fimedl.sogoucdn.com%2Fcache%2Fskins%2FuploadImage%2F2018%2F08%2F03%2F15332846031348_former.jpg&refer=http%3A%2F%2Fimedl.sogoucdn.com&app=2002&size=f9999,10000&q=a80&n=0&g=0n&fmt=jpeg?sec=1631776031&t=1ffbf68f0b8577f57f285e2e6f5fdc9d"
广告代言,2020,《Circle DNA》,香港 中国,代言人,"https://gimg2.baidu.com/image_search/src=http%3A%2F%2Fwx1.sinaimg.cn%2Fcrop.0.6.1915.1065%2F65a92dc9gy1g8j0nfedsbj21h80u0hdw.jpg&refer=http%3A%2F%2Fwx1.sinaimg.cn&app=2002&size=f9999,10000&q=a80&n=0&g=0n&fmt=jpeg?sec=1631776031&t=77fa696eab47a00514be2aecc5670e99"
广告代言,2020,《Urban Decay》,全球,代言人,"https://gimg2.baidu.com/image_search/src=http%3A%2F%2Finews.gtimg.com%2Fnewsapp_bt%2F0%2F11589976945%2F1000.jpg&refer=http%3A%2F%2Finews.gtimg.com&app=2002&size=f9999,10000&q=a80&n=0&g=0n&fmt=jpeg?sec=1631776032&t=0827e94090a0d965c4a4761f68096417"
广告代言,2020,《曼秀雷敦》,中国,代言人,"https://gimg2.baidu.com/image_search/src=http%3A%2F%2Fimage.danews.cc%2Fupload%2Fdoc%2F20200416%2F5e9813e8848f5.png&refer=http%3A%2F%2Fimage.danews.cc&app=2002&size=f9999,10000&q=a80&n=0&g=0n&fmt=jpeg?sec=1631776032&t=a8e1bf7b4bc8a33ab381962a0f1cfcb7"
广告代言,2020,《碧欧泉》,中国,代言人,"https://gimg2.baidu.com/image_search/src=http%3A%2F%2Fuploads.rayli.com.cn%2F2020%2F0810%2F1597056314977.jpg&refer=http%3A%2F%2Fuploads.rayli.com.cn&app=2002&size=f9999,10000&q=a80&n=0&g=0n&fmt=jpeg?sec=1631776033&t=d28e9183f8b985a9c857038b033c8392"
固定综艺,2020年03月19日 －2019年04月10日,我们的乐队,芒果TV、江苏卫视,品鉴官,"https://gimg2.baidu.com/image_search/src=http%3A%2F%2F02imgmini.eastday.com%2Fmobile%2F20200620%2F20200620164001_f0e4e04da50f51856b3e50ab311185a6_7.jpeg&refer=http%3A%2F%2F02imgmini.eastday.com&app=2002&size=f9999,10000&q=a80&n=0&g=0n&fmt=jpeg?sec=1631776033&t=e67e33f68b092546a37981344bb1505e"
固定综艺,2020年05月08日 －2020年07月21日,我要这样生活,爱奇艺,常驻嘉宾,"https://gimg2.baidu.com/image_search/src=http%3A%2F%2Fwx3.sinaimg.cn%2Forj480%2F0071uNl1ly1gsi236ux7yj30u00gvjta.jpg&refer=http%3A%2F%2Fwx3.sinaimg.cn&app=2002&size=f9999,10000&q=a80&n=0&g=0n&fmt=jpeg?sec=1631776034&t=05e4588520fb01ca1a87d69474318509"
固定综艺,2020年07月11日 －2020年09月12日,明日之子SUPER BAND,腾讯视频、腾讯直播,唱作教授,"https://gimg2.baidu.com/image_search/src=http%3A%2F%2Finews.gtimg.com%2Fnewsapp_match%2F0%2F11825649965%2F0.jpg&refer=http%3A%2F%2Finews.gtimg.com&app=2002&size=f9999,10000&q=a80&n=0&g=0n&fmt=jpeg?sec=1631776034&t=cee0acce360b1135a85a83c3a6e769f9"
固定综艺,2020年10月25日 －2020年11月01日,我们的歌 (第二季),东方卫视,新声召集人,"https://gimg2.baidu.com/image_search/src=http%3A%2F%2Fi2.hexun.com%2F2020-12-21%2F202663885.jpg&refer=http%3A%2F%2Fi2.hexun.com&app=2002&size=f9999,10000&q=a80&n=0&g=0n&fmt=jpeg?sec=1631776035&t=4886eedd35492d6d84d22037105689e6"
节目嘉宾,2020年11月10日,《天猫双十一狂欢夜》 优酷、浙江卫视、东方卫视 演唱嘉宾,,,"https://gimg2.baidu.com/image_search/src=http%3A%2F%2Fpic.ruiwen.com%2Fallimg%2F161110%2F0R515F39-12.jpg&refer=http%3A%2F%2Fpic.ruiwen.com&app=2002&size=f9999,10000&q=a80&n=0&g=0n&fmt=jpeg?sec=1631783461&t=0570d49a55326f7224c3d7957f65adf7"
节目嘉宾,2020年12月18日,《哈哈哈哈哈》第五期 爱奇艺、腾讯视频 嘉宾,,,"https://gimg2.baidu.com/image_search/src=http%3A%2F%2Fm.iqiyipic.com%2Fu5%2Fimage%2F20180531%2Ffe%2F93%2Fuv_20018132994_m_601_720_405.jpg&refer=http%3A%2F%2Fm.iqiyipic.com&app=2002&size=f9999,10000&q=a80&n=0&g=0n&fmt=jpeg?sec=1631776036&t=b3f89ae00b86d2d24b0dbe3b750d79f5"
节目嘉宾,2020年12月18日,《奔跑吧 黄河篇》第三期 浙江卫视 嘉宾,,,"https://gimg2.baidu.com/image_search/src=http%3A%2F%2Fwx3.sinaimg.cn%2Forj480%2Fa4225377gy1gm10970k4hj20u00gvqa5.jpg&refer=http%3A%2F%2Fwx3.sinaimg.cn&app=2002&size=f9999,10000&q=a80&n=0&g=0n&fmt=jpeg?sec=1631776036&t=d67a2015f7b2290116a1448636c3d30a"
节目嘉宾,2020年12月25日,《哈哈哈哈哈》第六期 爱奇艺、腾讯视频 嘉宾,,,"https://gimg2.baidu.com/image_search/src=http%3A%2F%2Fmp3.iqiyipic.com%2Fimage%2F20190202%2Fb5%2F0c%2Fppu_667161150102_pp_601_300_300.jpg&refer=http%3A%2F%2Fmp3.iqiyipic.com&app=2002&size=f9999,10000&q=a80&n=0&g=0n&fmt=jpeg?sec=1631776037&t=83b4cf5a69121234ea81bbc4a0b7c9ee"
节目嘉宾,2020年12月25日,《奔跑吧 黄河篇》第四期 浙江卫视 嘉宾,,,"https://gimg2.baidu.com/image_search/src=http%3A%2F%2Finews.gtimg.com%2Fnewsapp_match%2F0%2F12929560812%2F0.jpg&refer=http%3A%2F%2Finews.gtimg.com&app=2002&size=f9999,10000&q=a80&n=0&g=0n&fmt=jpeg?sec=1631776037&t=c1753a8a6920010d954efaa7417036d1"
广告代言,2021,《Circle DNA》,香港 中国,代言人,"https://gimg2.baidu.com/image_search/src=http%3A%2F%2F1-im.guokr.com%2Fx-oENHt-w9FHtlGoh9eHOdT77In9vallGJGpEskkhnqAFgAAAA8AAEpQ.jpg&refer=http%3A%2F%2F1-im.guokr.com&app=2002&size=f9999,10000&q=a80&n=0&g=0n&fmt=jpeg?sec=1631776038&t=405368b20511cceaaf4d9915c338c8c0"
广告代言,2021,《曼秀雷敦》,中国,代言人,"https://gimg2.baidu.com/image_search/src=http%3A%2F%2Ftiebapic.baidu.com%2Fforum%2Fw%3D580%2Fsign%3D347ae7b86e310a55c424defc87444387%2F0930e550352ac65cd3741b38ecf2b21192138abb.jpg&refer=http%3A%2F%2Ftiebapic.baidu.com&app=2002&size=f9999,10000&q=a80&n=0&g=0n&fmt=jpeg?sec=1631776038&t=691f3812f091ffd61ae42b2849d07ebf"
广告代言,2021,《碧欧泉》,亚太区,代言人,"https://gimg2.baidu.com/image_search/src=http%3A%2F%2Fwww.cosmostyle.com.cn%2Fd%2Ffile%2Fbeauty%2F2020-08-12%2Ff7aa061069650f95f7d4d193ea128bbf.jpg&refer=http%3A%2F%2Fwww.cosmostyle.com.cn&app=2002&size=f9999,10000&q=a80&n=0&g=0n&fmt=jpeg?sec=1631776039&t=2fe2b1e1f8b55b95d1e1df1620d28dc1"
广告代言,2021,《百事可乐》,中国,代言人,"https://gimg2.baidu.com/image_search/src=http%3A%2F%2Fmix.com.my%2Fwp-content%2Fuploads%2F2019%2F12%2FFB_IMG_1577320688850.jpg&refer=http%3A%2F%2Fmix.com.my&app=2002&size=f9999,10000&q=a80&n=0&g=0n&fmt=jpeg?sec=1631776040&t=f1657bf2ca98b932c8ad4789c95a8410"
广告代言,2021,《蓝妹啤酒》,中国,代言人,"https://gimg2.baidu.com/image_search/src=http%3A%2F%2Fimg9.doubanio.com%2Fview%2Fgroup_topic%2Fl%2Fpublic%2Fp439148526.jpg&refer=http%3A%2F%2Fimg9.doubanio.com&app=2002&size=f9999,10000&q=a80&n=0&g=0n&fmt=jpeg?sec=1631776040&t=6f26be2116a58b97b61f3bdd967bea9d"
广告代言,2021,《小鱼亲测》,中国,首席测评官,"https://gimg2.baidu.com/image_search/src=http%3A%2F%2Fwx3.sinaimg.cn%2Forj480%2F68118f3aly1gsvv9f7w7zj20mh0codh4.jpg&refer=http%3A%2F%2Fwx3.sinaimg.cn&app=2002&size=f9999,10000&q=a80&n=0&g=0n&fmt=jpeg?sec=1631776041&t=785e2a3b790ceccbf1f383b32a70a9cf"
固定综艺,2021年01月06日 －2021年03月,同一屋檐下,优酷,追剧团成员,"https://gimg2.baidu.com/image_search/src=http%3A%2F%2Fp3.itc.cn%2Fq_70%2Fimages03%2F20210120%2Ff32a0e0d667048a3832fa69d304cd688.jpeg&refer=http%3A%2F%2Fp3.itc.cn&app=2002&size=f9999,10000&q=a80&n=0&g=0n&fmt=jpeg?sec=1631783462&t=28817f86434301d4c747f17c2f349025"
节目嘉宾,2021年03月27日,《为歌而赞》第三期 浙江卫视 嘉宾,,,"https://gimg2.baidu.com/image_search/src=http%3A%2F%2Fnimg.ws.126.net%2F%3Furl%3Dhttp%253A%252F%252Fdingyue.ws.126.net%252F2021%252F0414%252F44e969d6j00qrjo840018c000hs00npm.jpg%26thumbnail%3D650x2147483647%26quality%3D80%26type%3Djpg&refer=http%3A%2F%2Fnimg.ws.126.net&app=2002&size=f9999,10000&q=a80&n=0&g=0n&fmt=jpeg?sec=1631776042&t=a54648992b5345e2d8a5b9568af74e30"
节目嘉宾,2021年04月03日,《为歌而赞》第四期 浙江卫视 嘉宾,,,"https://gimg2.baidu.com/image_search/src=http%3A%2F%2Fnimg.ws.126.net%2F%3Furl%3Dhttp%253A%252F%252Fdingyue.ws.126.net%252F2021%252F0406%252F2cb2936aj00qr52ac004sc001qg00y4m.jpg%26thumbnail%3D650x2147483647%26quality%3D80%26type%3Djpg&refer=http%3A%2F%2Fnimg.ws.126.net&app=2002&size=f9999,10000&q=a80&n=0&g=0n&fmt=jpeg?sec=1631776042&t=40e0e93637454b71a57cbaef026c11f3"
节目嘉宾,2021年04月17日,《青春有你 (第三季)》第十八期 爱奇艺 X导师,,,"https://gimg2.baidu.com/image_search/src=http%3A%2F%2Fdingyue.ws.126.net%2F2020%2F0327%2Fd376090cp00q7tcnk018tc0014p00mrm.png&refer=http%3A%2F%2Fdingyue.ws.126.net&app=2002&size=f9999,10000&q=a80&n=0&g=0n&fmt=jpeg?sec=1631776043&t=8315f87b3a5419db762a0144c82397a2"
节目嘉宾,2021年04月23日,《奔跑吧第五季》第一期 浙江卫视 嘉宾,,,"https://gimg2.baidu.com/image_search/src=http%3A%2F%2Fwx3.sinaimg.cn%2Flarge%2F006EpoVcgy1gsne1fiw7ij30dw0opjuv.jpg&refer=http%3A%2F%2Fwx3.sinaimg.cn&app=2002&size=f9999,10000&q=a80&n=0&g=0n&fmt=jpeg?sec=1631776043&t=82d0d87bb1a0f4ba2b43b708f9f59e7a"
节目嘉宾,2021年04月29日,《青春有你 (第三季)》 第二十一期 爱奇艺 X导师,,,"https://gimg2.baidu.com/image_search/src=http%3A%2F%2F07imgmini.eastday.com%2Fmobile%2F20200507%2F2020050721_d278226dece3404e80d062c2c2f1af42_3853_wmk.jpg&refer=http%3A%2F%2F07imgmini.eastday.com&app=2002&size=f9999,10000&q=a80&n=0&g=0n&fmt=jpeg?sec=1631776044&t=05e77904d5e63c8a59dbc4132a685fb4"
节目嘉宾,2021年04月30日,《奔跑吧第五季》第二期 浙江卫视 嘉宾,,,"https://gimg2.baidu.com/image_search/src=http%3A%2F%2Fmfs.bandao.cn%2Fstorage%2Fmfs%2F608bfdcc2748db0975133b2e.jpeg&refer=http%3A%2F%2Fmfs.bandao.cn&app=2002&size=f9999,10000&q=a80&n=0&g=0n&fmt=jpeg?sec=1631776044&t=9941e3f50b1e6eef45d93f5147be3053"
节目嘉宾,2021年05月01日,《青春有你 (第三季)》 第二十二期 爱奇艺 X导师,,,"https://gimg2.baidu.com/image_search/src=http%3A%2F%2Fcms-bucket.ws.126.net%2F2020%2F0428%2F4d99c292j00q9hbfy00u6c002tc0480c.jpg%3FimageView%26thumbnail%3D550x0&refer=http%3A%2F%2Fcms-bucket.ws.126.net&app=2002&size=f9999,10000&q=a80&n=0&g=0n&fmt=jpeg?sec=1631776045&t=a80711f23f8b703057a27e0a41179d7b"
节目嘉宾,2021年05月07日,《奔跑吧第五季》第三期 浙江卫视 嘉宾,,,"https://gimg2.baidu.com/image_search/src=http%3A%2F%2Fn.sinaimg.cn%2Fsinakd20210508ac%2F164%2Fw640h324%2F20210508%2F39d8-kpuunnc3796393.jpg&refer=http%3A%2F%2Fn.sinaimg.cn&app=2002&size=f9999,10000&q=a80&n=0&g=0n&fmt=jpeg?sec=1631776046&t=9d5bc43d31f4822f30f7d349c461f529"
固定综艺,2021年 －,明日创作计划,腾讯视频,明日榜样,"https://gimg2.baidu.com/image_search/src=http%3A%2F%2Fcms-bucket.ws.126.net%2F2020%2F0713%2F2a301e60j00qde24m005qc000go00plc.jpg&refer=http%3A%2F%2Fcms-bucket.ws.126.net&app=2002&size=f9999,10000&q=a80&n=0&g=0n&fmt=jpeg?sec=1631776046&t=431bcfb7bb37dbd3fb6d57d28ae89af1"
